study_hours,previous_score,attendance_rate,assignments_completed,extracurricular,parental_education,sleep_hours,stress_level,final_grade
4.370861069626263,51.10797573031718,70.46822734943623,18,0,4,9.690217316733513,4,1
9.556428757689245,72.51405684270148,69.87915196287999,4,1,3,4.547954406001343,6,1
7.587945476302646,92.37675015258449,96.25018322084146,7,1,2,4.968686116197526,7,0
6.387926357773329,83.93349318457368,69.98184799398024,6,0,1,9.764477816628133,4,1
2.4041677639819286,88.39366887168698,70.87798904514524,13,1,3,7.225240861842078,4,1
2.403950683025824,79.52700200264304,90.37593049671855,2,1,4,4.085179806830342,7,1
1.5227525095137953,81.53659387107115,77.9895936980216,17,1,1,5.545791992581175,6,1
8.795585311974417,90.95173909391916,91.06842227820725,15,1,3,6.699662045613158,8,1
6.41003510568888,54.98008053155115,62.61464630257541,18,0,4,8.157453466148606,1,1
7.372653200164409,69.36549781858844,79.50284774693537,18,1,3,8.398962268820798,7,1
1.185260448662222,53.27256650917613,61.34454400733131,17,0,1,9.972529077552736,7,1
9.72918866945795,99.26008047979883,62.50612813821418,19,1,1,5.725067196302554,7,1
8.491983767203795,96.64356038119679,96.25749813377644,15,1,1,7.229320611210851,7,0
2.9110519961044856,42.365608682110356,65.56981484470381,7,1,2,7.19994128715763,8,0
2.636424704863906,82.33451035094131,81.29682729100868,0,0,3,6.433871556683425,9,1
2.650640588680904,95.51489904493995,76.44382410402827,16,1,2,5.014971363054521,9,1
3.7381801866358395,50.83452070764001,73.8937330503537,11,1,1,9.864739379103055,2,1
5.72280788469014,74.07671383315777,95.9933338274909,10,1,4,9.119903119999517,7,0
4.887505167779041,94.92929785528251,60.87293587101958,4,1,3,6.989998169765423,7,0
3.6210622617823773,42.03675871514793,86.55158744702356,11,1,2,7.619472536104179,4,0
6.506676052501415,81.84521603481039,98.53577736854201,16,1,3,5.363566321357974,9,0
2.2554447458683766,57.840940442353045,82.40672733847367,5,1,4,7.262722422350482,8,0
3.629301836816963,95.46377172259182,97.47289848132368,0,0,2,8.169820798728855,1,1
4.297256589643226,98.26349470992207,62.09031517144095,4,0,1,7.091002170319532,2,1
5.104629857953324,96.65598934680604,76.75173276296645,13,1,2,9.941711023509647,2,1
8.066583652537123,68.45285299944783,70.40631163848205,4,1,3,7.668049937486357,8,1
2.7970640394252375,91.72255905935882,89.23283859922918,0,1,3,6.225842275553014,1,1
5.628109945722504,90.67296391210422,99.25188361988987,17,1,3,8.632912165695029,4,0
6.331731119758382,59.146028394595334,70.26120249776991,15,0,3,5.022775069489852,5,0
1.4180537144799796,89.73492844904064,86.16698405896298,8,1,1,6.3070948822376,9,1
6.467903667112945,42.220458082929554,67.9239053103896,18,0,2,6.081753702265515,7,1
2.5347171131856236,75.77619270892319,82.61321018286439,4,0,1,6.590842570646664,8,1
1.5854643368675156,53.80053023726218,78.55729946753345,1,1,1,8.690678955572357,9,1
9.539969835279999,47.23401314663673,98.88021318526148,14,0,1,6.905038192980445,7,1
9.690688297671034,44.61719209775255,84.34109090785867,6,1,3,8.764086701595776,5,1
8.275576133048151,81.77732655268838,73.98025488347275,3,0,3,7.458933418839195,5,1
3.741523922560336,60.39249782608397,64.56383139551734,0,1,3,6.052416607945332,6,1
1.8790490260574548,83.48600629172569,66.04987314939738,12,1,2,8.859872462100835,5,1
7.158097238609412,43.92138044793654,69.0126771980494,19,0,4,5.429738023318549,9,1
4.961372443656412,58.91742026983662,70.03866645361192,6,1,3,5.346297878798773,3,0
2.0983441136030097,72.36947754252023,94.02464231364551,14,1,2,7.027017544329015,3,1
5.456592191001432,87.44338989033781,82.448911531301,13,1,3,5.565095475772534,7,1
1.3094966900369656,59.12515017592419,80.93563645497466,18,0,3,4.054522209707298,7,1
9.18388361870904,77.55348258622055,64.59075487476869,19,1,1,7.889785163792809,6,1
3.3290198344001523,93.15866489417124,94.4055877339774,17,1,1,7.066562928834388,3,1
6.962700559185838,76.95179129093827,88.91257212833935,9,1,1,6.673106886958967,7,1
3.8053996848046987,53.97756848521803,62.706734476000065,8,1,2,9.801811087709892,5,1
5.680612190600297,41.46404689339228,88.31340388919074,7,1,4,7.427195103777482,7,1
5.920392514089517,92.2059324340558,81.74152869370585,9,1,4,9.180589466736308,2,0
2.6636900997297435,41.27616465102323,63.26901382987113,16,1,2,4.836701417230961,6,1
9.726261649881026,92.48210036105196,78.33202566114626,1,1,3,7.415238778776566,8,1
7.976195410250031,71.73622804163273,79.38785148520188,5,1,2,9.207877760385418,1,0
9.455490474077703,96.34406191077377,66.63098160653104,4,1,3,7.498634543679388,4,0
9.053446153848839,87.92699414641993,97.82792588001129,8,1,2,8.30808506876201,1,1
6.381099809299767,99.87604663200025,93.99901485922648,4,1,2,6.232261406873244,1,1
9.296868115208051,61.04270892710261,86.76089349316433,17,0,2,4.554697102222399,8,1
1.7964325184672756,86.0312973358676,78.4918224400243,19,1,4,6.747401770762428,7,0
2.763845761772307,64.11585481655453,76.47062166338034,8,1,1,6.366876345033145,1,1
1.4070456001948426,68.79253721823453,86.03893868603816,16,1,2,9.202361094273684,2,1
3.927972976869379,77.6503277931022,81.81727477627622,16,1,4,5.463971814114833,4,0
4.498095607205338,92.42062685118032,62.49092423527542,11,1,1,9.800405365210649,1,0
3.442141285965063,99.04500815195772,80.50010595081326,6,1,1,9.748828718826978,3,1
8.458637582367365,86.0964048318711,92.25614468931357,2,0,2,5.485789858428632,8,1
4.210779940242304,65.06600693004003,78.36959510387832,9,1,3,6.088311732863923,8,1
3.5284105871864266,65.2814201366242,62.07826310217074,1,1,3,9.37333444524331,8,0
5.884264748424236,84.25493809533349,91.45112797536132,2,1,3,9.799733325376645,6,1
2.2683180247728636,54.32662874609814,68.05455128543898,15,1,2,6.660634617016264,6,1
8.219772826786357,46.62844678788368,70.34483339552155,1,1,3,5.925982273845387,5,0
1.6709557931179373,61.27732945844659,66.58825413729184,9,1,4,7.156564079509252,9,1
9.881982429404655,57.2343394992449,73.2086025948599,5,0,4,8.12661523819441,4,1
7.9502029236699165,57.778487227359406,90.2700602275454,10,0,4,5.640847092249879,7,0
2.7884411338075514,54.0164650629946,80.77543438015749,6,0,4,8.418839047714437,1,1
1.0496990541124216,42.525591378181716,68.19525096602851,14,1,1,4.309944142687846,9,1
8.339152856093508,41.07243608400483,95.11320312608163,5,1,4,4.295766956586498,7,1
7.361716094628554,99.26334338416189,95.18327419806117,19,1,3,6.317726230873271,9,0
7.561064512368886,65.66638802415174,94.82313700184028,8,1,2,6.120839152364324,7,0
7.941433120173512,63.0595988295809,69.55184845526156,19,1,3,5.893799292202914,2,1
1.6664018656068134,80.77883696158419,78.04957376723952,11,1,4,6.94611857601346,6,1
4.226191556898454,53.09523327190385,99.399586245635,18,1,1,5.924401493869428,4,0
2.0428215357261674,96.99767103701352,90.88049905239961,19,1,4,5.153547510808552,3,0
8.767930832880342,87.18070086493313,61.086696849022395,2,1,2,5.856817294531606,2,0
6.609683141448022,45.36466013873557,62.60818365041968,14,1,3,9.84942563686141,6,1
3.9780822236738427,65.0548465470957,78.55725507249332,1,0,2,6.466680501969091,8,1
1.5720251525742128,92.74709845372988,96.3688082344624,1,1,2,6.668276661150014,6,1
3.79884089544096,96.68392133748462,81.54807191810858,2,0,2,7.45926993970684,9,0
3.9266498982407234,68.04409067499219,79.91250032137161,5,1,3,9.90004461048536,5,1
7.566455605042576,76.80468335264246,64.21894799826522,14,1,4,5.449607658614578,2,0
6.738017242196918,50.02203676552451,86.27120418897177,9,1,2,8.087692663194602,8,1
8.98491468318694,99.4701175682186,92.88412642400903,8,0,3,8.295908161250345,9,1
5.249934326457543,53.90030208300661,75.2168003003025,0,1,1,7.643946500758395,4,1
2.0763482134447155,96.56390644810753,91.0244740370131,15,0,3,4.531470037819864,6,1
7.419203085006955,78.97879893954212,98.57906615603247,5,1,1,8.06123365496546,8,0
7.847065437552077,76.46420769273155,68.15065836510756,8,0,3,4.384568266217053,9,0
6.051494778125466,70.76131066099052,80.93318524778965,3,1,4,7.576855897299382,5,1
7.938704619591049,53.84018870306552,71.48551832338302,1,1,2,8.437487063330456,6,1
5.444160367279517,50.591681920330494,91.71417676135357,3,1,4,5.265819343719702,4,1
5.704595464437946,53.22917254421052,83.1037346352463,0,0,3,9.049732045256643,5,1
4.847869165226946,51.18629572865527,85.38329670201215,18,0,2,4.182122833198026,7,1
1.2287721406968566,86.7750684140052,91.91656638463576,9,1,1,9.062877181949837,9,0
1.97102284293974,61.0075155500038,75.83881890649819,14,1,3,6.76197430385659,6,0
1.2828626711806081,43.47056059380378,96.60360273628173,18,1,2,5.305527639589867,6,1
6.727693701374023,98.14615780844868,81.3211546898456,15,0,1,4.802668869963808,8,0
3.82920382968694,93.02715309780554,66.31819291341392,3,1,1,9.719843005494235,4,1
5.577136220482325,95.66513699171279,87.8359647267521,1,0,4,4.43599352548694,3,0
9.168098265334837,99.69446935878611,91.73045401753018,12,0,3,5.194560519615554,7,1
3.2436300623398746,50.433714953169236,72.67046708270107,0,1,1,6.086934084598276,5,1
4.693446307320667,63.77452113415953,94.28717027995012,16,1,2,7.721409093766723,2,0
7.799960246887438,85.49430854224548,96.24573019063065,12,0,1,7.2688065116565905,2,0
3.059183489424602,81.76123708322754,71.07617949511236,3,0,1,4.753860954473884,6,1
1.6928191884591368,49.233754380391304,99.34085890860888,6,0,4,5.738367902429288,8,1
3.6077630762239123,88.94998749943707,65.62846112195034,16,1,4,5.4325106265161445,1,0
2.4509915852860398,53.46643431019964,68.0806267360996,8,1,2,5.281257126942048,6,1
9.367278871083158,53.42905688935738,67.36899356952105,3,0,4,6.466866018879922,2,0
8.273083416079754,72.21846537360481,95.75958840031481,18,0,1,8.224188715549941,2,1
6.700633808593811,75.57639609050219,86.17170209299847,0,1,1,5.304717593303415,7,1
8.84314531168946,74.80517247026867,66.08417132889092,9,1,4,6.2000732782178885,1,0
8.23304869209203,45.489210243865294,77.61293673473396,3,1,1,6.345504561046973,6,1
2.6791305299743224,92.64765175782281,84.61192100279209,8,0,1,9.858739176612461,7,1
9.0330309864098,55.93600255532236,63.338563399575335,12,0,2,9.727998141274412,8,0
5.854080177240856,47.77089527696825,95.29665473629355,13,1,4,8.800825496512456,7,1
8.266961396476564,93.32488479213863,92.14414141766142,9,1,1,5.449953524915111,6,0
9.06482169931144,97.3390898937852,80.20827094306553,5,0,4,4.408223884550019,9,0
3.8620312747467747,91.72765703592704,98.68506461036682,15,1,2,5.9014248263237485,3,0
1.9904673207490908,88.57096448349269,76.71043917100398,5,0,4,5.600767296602985,6,1
3.051416462877475,79.3145188383413,99.3644127614599,16,1,1,7.035554800878363,4,0
4.843970097636307,73.05144223654835,86.71679995214508,9,1,4,8.666367460406757,2,1
8.362132893302437,45.21920559468461,85.38685093015766,17,0,1,9.149937633273147,1,1
8.74657524930709,64.50719278424192,66.6381958118314,17,1,1,9.069184512463051,1,1
1.0625691747807164,62.36131102073884,95.27711033218576,2,1,1,6.158053367338407,3,1
5.596725723198092,55.585227025619574,77.09958751682461,19,1,2,8.123406060764097,4,1
4.7566990283390105,83.40520682131509,66.48933623129918,14,1,4,5.87700518514532,2,1
2.9989702942365724,69.75254410472624,60.50430079903036,14,0,2,4.3654332594110965,1,1
2.0787883060031453,44.862772954458876,82.3902273455353,3,1,4,8.209391593617653,4,0
4.038536542632651,53.21099211698868,81.09598488490705,8,0,2,4.058965315418727,7,1
9.486187335212673,80.99552581957576,88.77414489476635,18,1,3,6.455095524750932,6,0
3.908826388186797,44.56785156941801,95.61032212071208,16,1,1,5.976275615812455,6,1
5.669115595690295,91.07241484292612,63.17626338572118,10,1,1,8.160265231113115,9,1
7.3271706300566,69.70879162083847,89.2598596136145,8,0,2,8.597472836562273,2,0
4.272666421413646,68.83519463959888,67.49647776390329,9,1,3,5.824567815827703,4,0
9.746038744488645,75.54446707957106,94.32708212628656,17,1,1,8.869762086669121,5,1
9.662025654479,89.48085795550895,92.76254055446624,19,1,4,5.763500563029602,1,1
3.2660406624282774,60.86855247413158,81.63175019942177,12,0,2,6.677958159919367,8,1
5.475236553031469,80.68096915354381,88.40971194493247,7,0,1,8.362111162084805,8,1
3.707904788350927,73.94391783974746,72.57400452734993,6,1,1,8.157521375348733,6,0
3.5635644493972087,56.02169621016528,78.84671595731258,16,1,2,9.9242108338732,5,0
1.3319825261907952,92.71779918130949,92.86547590841886,14,0,2,5.350966145295591,8,1
6.486079005819072,87.8455612964157,78.37060788692855,19,1,4,7.973907481237494,3,1
5.524111209059753,79.50711007950554,74.31193061301767,14,1,4,7.658091449654664,3,1
1.463308761249904,91.03490374565452,79.768497890012,0,1,1,9.49059072694018,2,0
3.507818178129503,92.03765205758813,93.12997009748874,13,0,1,4.93817284986925,5,1
9.174392973699883,82.50177860290208,73.40832189483491,4,0,2,8.510788981521598,3,1
3.1560570160027517,90.22079970182033,66.95046372542976,10,1,1,7.40961169761261,3,1
2.304053848821008,81.84828770015702,88.48056081323122,15,0,1,5.6479952187274325,6,1
5.405074842498067,80.80844630561802,93.03912850832327,1,1,2,6.846609484883045,8,1
9.870854086995406,77.11668269291106,64.02549914094133,7,1,1,6.0026595824187865,2,1
3.178497443603504,85.16299837345846,69.59496451023779,10,1,1,7.4758804167307655,4,0
7.049219926652907,49.51630631758442,65.67887959043975,17,1,3,9.334003664887994,7,0
7.854576537958458,92.85224555193571,73.91765646328666,2,1,4,7.415829906473212,1,1
3.1387378959315972,92.31061166471392,78.01403915621651,0,0,2,7.7903345099595045,1,1
7.553947137506736,41.75483698207355,89.95305347853225,10,1,3,7.112487082688257,7,1
4.3100481944732785,89.54900503388576,86.04590339526696,15,1,4,4.306993038672855,7,1
6.690752475342215,47.73219204840671,84.83714269913725,17,1,4,5.397151341256565,1,1
6.7017673968480524,60.10713125554851,74.09499786438617,15,0,4,6.952010376592496,1,1
5.821972156672826,84.61049537749646,93.6579021233904,9,0,3,5.861411702468229,4,0
1.8126079304896747,49.64559376289849,78.85148669592658,17,0,3,5.090581586567165,5,0
8.51772246030314,89.07802144714373,99.16419752060618,5,1,4,7.02479705151063,5,0
3.8870205847456223,89.92805067746451,85.36568553182947,18,1,1,5.936858760687102,4,1
2.678666593598688,70.44806402565017,65.05058966258011,3,1,1,5.548645859040488,8,1
1.3669762739928752,40.383152303010014,87.04710248301737,12,0,3,6.783912504642284,7,0
6.318036488694176,57.22228799049476,73.00416061726796,13,0,3,4.799705548493039,9,1
7.098079256580542,77.01561510254453,87.4530878674439,2,1,3,9.566474398452444,7,0
1.1492904603507053,98.87117068164541,62.78564592649623,9,1,4,9.206212587515434,1,1
5.608837524693529,77.9088116210001,66.99525748703837,5,0,1,8.245723514443211,7,1
3.0384619767814414,55.588214863849586,94.22949035623145,0,1,3,4.637282965530737,1,1
6.806555113685048,78.04034218597668,69.0871822809406,13,0,3,8.655263526818159,7,0
2.569297861044923,72.39912278295134,93.4816450097176,7,1,2,8.847743968654115,8,1
7.218439642922194,86.79072370906862,71.17104353817642,18,1,4,8.606587706286026,9,1
4.480618116704837,46.4188383296175,85.71527640234831,13,0,2,4.683795322715447,3,0
9.43056989863061,85.66167415012168,87.76602294039324,9,0,1,7.8634477424065885,4,0
2.2376884973139393,72.47599472056662,80.50619012580212,16,1,2,9.005948774496392,4,1
4.069597159452327,97.77952023153968,72.21242706786926,8,0,2,7.464120407318006,9,1
2.021261691165302,60.51232996232116,68.50577505484384,5,1,2,7.878444251368534,7,1
9.322242564507064,77.9573135880369,61.327574182497045,10,1,4,6.750180876557837,3,1
8.896054180428829,95.92168633060105,72.15785604962895,6,1,1,7.172243919304316,5,1
3.3214746494364005,46.15058367944076,86.12651162125132,16,1,2,4.206261150110351,7,0
6.939856414307611,96.23370923418707,97.53219273793931,0,1,4,7.833778131839708,8,0
8.354999801810942,81.27314333804881,94.84817929052208,4,0,1,4.488683277346955,1,1
5.996807304395161,44.07022354631032,90.6425910614121,8,1,3,6.61008756604134,2,1
5.766855205204059,58.057814016808976,91.53789373013194,17,1,2,5.755930586004447,7,1
3.1766706181040654,82.4903253187169,86.59939613903981,1,1,1,7.272567701270279,2,1
1.837924910253093,44.041036088126305,70.41147430264012,10,0,2,4.800498013139243,7,1
9.074941821579941,74.9302276105764,96.28780122823319,5,0,3,8.14986041183991,9,1
9.103762514469974,60.752983417177404,86.82929247623336,7,1,1,8.770069221570822,2,1
6.697913115459412,77.25493106604863,82.4176252392176,3,0,4,4.980126698458939,7,1
4.051268119438307,42.74452202875077,64.43957876853925,17,1,1,4.625878524111293,4,0
4.142886171513948,92.29220836914257,77.88222175225701,10,1,4,4.873092896724155,2,1
7.533601109832154,98.4093381506438,78.41433084807704,4,1,1,9.26276537139101,7,0
9.073992339573193,98.13267131714149,94.5825443809068,14,1,4,7.1691355705381365,5,1
8.983777818386056,84.97910990457548,81.86592880751154,17,1,3,6.803565976045015,1,1
8.018879912718614,47.80517440783792,75.21602195881638,1,1,3,4.640270914614126,5,1
6.77828481538859,85.49579175574135,99.07201314042638,10,0,3,7.897336040541771,3,1
1.7572596849554394,41.47521498752809,64.42882373305262,12,1,1,9.20799755137054,7,0
2.454658426851524,41.327413091739835,76.90193713247778,3,1,3,8.969115215940718,6,0
9.086987696743714,59.41661314897247,61.68098700685621,6,1,2,7.756328253884808,8,1
6.457861536936309,69.31859142427994,89.59616483067721,10,1,3,4.451672299910042,5,1
1.0827734645496667,86.22444506846759,96.72306208796603,3,1,4,4.674382163056078,2,1
1.913243885794289,80.9977225963903,71.20149318201958,14,1,4,4.295853922658948,9,1
6.971515921972502,66.7541623826049,94.33366707196484,0,1,4,5.544875298954816,8,1
1.0455542546159682,56.41759997689995,71.68872921847591,2,0,1,4.8139688029622665,6,1
2.4472724627574878,99.82747000946267,96.4308064657566,13,1,2,5.560288241514604,7,0
5.938604104299275,65.57087813415838,90.15847614387135,5,1,3,6.31034833431377,9,1
7.227056779234239,67.08322145978053,92.19627107365754,17,1,2,9.657896704426815,7,1
6.867651335523405,49.81742927150015,60.72026222401818,0,1,2,7.662256358690152,3,1
3.018423785145038,87.68857292499575,98.51241428296103,5,1,4,9.009842714097774,6,1
7.409612992127823,81.62093354688932,89.06683968281293,5,0,4,8.262109004273993,7,1
3.135241787471201,53.24617676732562,72.19004381544534,15,1,4,4.675018783159791,2,1
3.9285972834334095,44.94286273695056,93.17578659435388,4,0,1,8.415522438243693,3,0
7.718422646062217,80.82995812448279,71.2608479365972,16,1,2,5.650593289354747,4,1
6.846696091424932,79.27067285686812,94.91015358264511,9,1,2,7.834647081968238,6,1
8.6430106944476,56.395571619892564,64.50321561647748,17,0,1,6.045771841857931,1,0
6.91851603070309,97.05181373502462,88.14743909843183,6,0,1,9.986033579587955,9,1
6.114777430019244,49.06347350685401,81.62793906579641,2,1,1,5.581308876980667,5,1
1.8430729104528323,65.94008806255611,63.86137880781763,12,0,2,5.674782824645618,7,1
4.309442227534902,96.61695521005593,69.67575313035356,14,1,2,9.58403353337439,9,0
3.386821309135529,65.18363901556734,60.49616145109259,19,0,4,4.147866427817936,9,1
3.195906790411752,78.31155685984513,78.75071861858024,18,0,4,8.180133927239181,1,0
9.75709499277201,63.855663877767654,72.05061043040001,2,1,2,8.35195834441527,1,0
4.537879522000844,56.452912140920205,83.93429937191036,3,1,4,9.018271464462396,3,0
9.02841899659402,99.0386588775897,71.88951230834469,4,1,1,9.846635863830851,6,1
6.680247633975366,64.56004037890258,71.9967644602794,0,1,3,9.853611514939914,2,0
8.153301731874835,93.64595222074806,89.72772794926414,3,1,4,4.391660545398784,1,1
5.523733837946729,53.79727635346517,61.925713439134135,11,1,2,8.931035936517414,1,0
6.192134961637232,52.786282241505,96.11579980767948,9,1,4,7.877859601944288,5,1
5.432659244369775,41.86804497307068,94.09055497564725,19,1,4,7.884052806238547,4,1
2.7571868901824006,79.10000952255311,86.71218732905626,12,1,4,4.770099559688169,1,1
7.502069037353548,62.11158062342567,83.72886280429537,13,1,3,7.9011229986739195,4,1
3.526951261967702,91.86149499037822,95.69209992558609,4,0,1,9.894895483607486,3,1
1.2188436978830846,68.39259440149343,67.41320718114858,3,1,2,9.470911417236682,2,1
6.80925066316451,98.09160567488331,63.158766487633144,13,0,3,6.634783964829103,9,1
2.5939961146634403,51.13153094218727,69.58040679638152,9,1,2,4.2396878397165665,1,0
9.464127259176228,92.11739007733664,91.78313114800761,16,0,2,6.1737609400012285,7,0
9.585357193023286,86.59581116750451,61.38681066905933,9,1,2,8.95834186960333,4,0
9.233779511984036,86.25531067864313,83.31227340333959,6,1,3,8.208994608790995,5,1
4.331428302298999,90.68699368701326,99.8175006476524,15,0,1,6.756061933563738,5,1
1.1391095487598069,85.66143945657993,94.22784375350157,0,0,2,4.330609210952987,1,1
9.354867063289529,77.57321929788492,80.85782756174358,16,0,1,6.561368366939815,6,1
4.8536573348558285,47.87469266094325,62.54563637146569,8,1,1,6.814149638307301,9,1
9.699893371393026,41.95157076947511,93.25494057542839,5,1,4,9.571333197364815,2,1
9.672579793803276,95.2508708689412,83.95914032708842,18,0,3,7.846516621492957,7,1
8.677085099206241,76.99901887124429,64.59731988238268,12,1,3,5.869917499927894,6,0
3.6500400286262713,87.79223745857058,63.75429139293425,2,1,4,7.1519095867043285,5,1
4.465879557417328,68.891341090753,96.3850727774637,6,1,4,4.39633184693296,4,0
8.660230043651712,47.038491337743665,86.76801051752314,8,1,1,9.835409413898422,4,1
3.852298046406499,47.511147532153025,93.17147197267022,4,1,2,6.160359411584356,6,0
2.5254347201748324,81.13391723373829,95.15915601129069,9,1,3,6.867204129478814,4,1
6.0112113621251515,65.81835369396777,82.87089408193289,16,0,2,6.131703845421535,5,1
9.425392967447028,52.0314836020202,80.69785407020166,11,0,2,8.095070380697202,6,0
7.264268170074757,69.49567280448622,77.21709641283961,15,0,4,7.973392949977558,5,0
6.1305505308042845,43.85253622450804,72.67786351164477,2,0,2,8.291933863174814,7,1
1.8745884439369167,74.91828411486392,77.38383843434846,8,1,1,5.608859377671525,9,1
6.535065040292528,56.13960426610586,90.95518622920625,14,1,4,5.894010886984396,7,1
9.91048465093837,87.85354603823129,84.07693724060526,4,1,2,4.751507386577248,7,1
2.260756137128716,58.621717535414426,95.70093159819385,12,0,4,7.933059831076676,4,1
5.664966871273631,67.31320894490807,77.73520057516751,13,0,1,4.238782764013916,1,1
8.8963576473516,40.697232394486036,84.28358314875015,19,1,1,7.586094013140754,8,1
7.66691755978784,44.34681326767353,85.25230212367956,14,1,2,9.218175309109803,4,1
7.273141668957412,63.549613384401084,83.66788649225302,15,0,4,9.344992889737801,1,1
7.322356755883983,68.79633008302741,88.10535092342064,12,1,2,6.69422656221977,5,1
4.2354203609777965,76.00123288715822,69.49733873499225,16,1,2,6.755822129278442,8,1
3.64232659838044,57.499754722558194,80.49455110183163,7,1,4,4.461815098048104,4,1
8.284250399306622,81.69891316759255,64.16899211233391,1,1,2,8.024590152658215,8,1
8.291020552112627,91.60734383135227,75.3804531057925,4,0,1,8.927556522237072,8,1
8.803650867220934,86.791059333601,79.50668274485058,5,0,4,5.467930327628278,3,1
9.219164973008242,42.37712952090143,86.0889703818189,11,1,4,6.527805289800188,9,0
5.60208158974844,68.83041683546973,98.02124210344815,17,1,4,9.033036020591622,3,1
5.513646652184796,46.29581070509049,84.02604266193424,0,1,4,9.262722805973727,1,1
8.184656610700976,54.522700951751645,89.74375664706238,16,1,2,5.459079881585356,2,0
6.849675376999887,99.19975559602878,80.25064237980811,10,0,2,7.303423807248185,6,1
7.31770189531933,48.5497325740908,85.36416125505326,9,1,1,5.154958903814962,2,1
8.16213402492491,69.93328920708137,62.83728864535094,18,0,3,4.611272584837339,6,0
9.010048076358096,77.08934405908715,70.17566323367387,13,1,3,9.466723008351746,1,1
4.041956411663822,82.14789823264624,74.47412372820554,9,1,1,8.923045025392655,1,1
4.380246573759496,73.57892100921484,78.89973420026054,14,1,3,8.560209410819043,5,0
1.845837458567821,40.58625084515102,61.825949820095346,18,1,1,4.2925979128788425,9,0
6.204521268965566,59.58767849463951,65.6009639021327,3,1,2,9.062372756261546,8,1
1.3234804641706788,71.06269860308268,71.07257231165224,1,1,4,6.628264455432302,3,1
5.190382163192141,45.27198994869,98.86130763604203,8,1,4,6.054370739775158,3,0
5.883801712368189,61.037615872550845,73.25388028412203,9,0,2,7.278858166152259,1,1
3.5788712691545594,41.99218652748199,79.2816423244833,10,0,4,4.548119456341335,3,1
6.317499345121097,44.71470982930124,67.84390850953572,13,0,4,8.539879296114393,1,1
1.2745022494514449,63.815396572095764,84.43120284303073,6,0,3,7.494610461329775,8,1
1.3361336987429298,47.96294524258362,71.22732862063897,14,1,2,5.119540581239005,1,1
8.403405045936925,74.05245089569348,68.27970313753707,18,1,3,5.129393198614274,5,1
4.241715772701366,81.36789814823595,80.66290513783916,14,1,3,5.105491909436045,9,0
2.143544613866963,88.03520194654497,60.22023196641683,7,0,4,4.342014325311604,7,1
5.700189340493239,52.009014654688606,60.30656130596901,10,1,4,7.526790696230108,4,1
7.9299419778874976,50.04895493554419,68.76275236407432,8,1,2,9.042089065531048,9,0
2.9423892474715885,46.274070420064014,61.46885450003285,14,1,4,4.104989283924332,9,1
6.606014282371002,78.1858149726182,64.32103016522765,0,1,4,4.294027869827641,2,1
1.768127184943912,82.38854358921407,73.55442597355007,0,1,2,7.436621660121675,6,1
1.4651354905174694,41.89516868953852,92.10342718319251,18,0,4,8.916974112316314,4,1
5.782191684113332,96.17273477462139,82.88194573477203,2,0,3,5.960433343411801,8,0
5.865716094490959,43.118277019088346,80.50670903825666,9,1,2,6.097686392846333,7,1
6.736869113483859,72.47778011806423,71.73955292832487,7,1,4,7.578078984980656,7,1
7.534822003503954,82.54363116705498,97.27014877731266,14,1,1,5.645277334744882,9,0
9.782668715162812,92.25814742476513,75.88060164948766,9,0,2,4.159650196466105,5,1
5.646703134710758,82.84521592794567,63.48371067183086,0,1,2,8.411371108609575,6,1
3.9066082564712135,88.10368498418751,84.68266064471206,17,1,1,7.7538994776487185,1,0
8.156675752918332,60.367011552568364,64.55353573906406,1,1,4,7.484535994333955,6,1
3.437490261358668,88.88950682479074,73.80892571206769,18,0,4,8.450104773950939,2,1
4.950742786350725,44.806890783080505,80.29647754871235,12,0,2,8.051385025372225,6,0
1.7061074320803935,93.68899936363167,94.96890098740704,0,1,2,5.235291929069927,9,1
1.2281566907391177,72.85554256922418,79.74186321360474,1,1,4,6.114886281660107,8,1
9.663835732101326,89.03786619774962,88.09035064126657,15,0,4,4.75666085007175,9,1
8.523821084609853,67.139097071098,99.71267355996281,14,0,3,4.779142080507286,8,0
7.263767854843282,78.6146617117915,65.25956479591926,12,1,2,8.057174478139235,3,1
4.680576499728429,71.58415965616679,70.98926102078079,15,1,2,9.151600641894989,8,0
2.559648880637612,83.89537130531991,75.78304302390586,16,1,1,9.776395503166835,6,1
2.4079333840397745,44.897798921835374,76.87312714155325,6,1,3,7.770082705296666,6,1
3.252186083481358,43.62112503943383,76.44084301062183,16,1,4,5.104607940165742,6,1
5.943039982355084,54.82619404060878,96.30444010226219,6,0,3,4.6339020726935845,3,0
7.431363304300561,49.5726808067913,88.56130577867425,12,1,4,8.877105829220547,1,1
6.941776390459581,92.3070139955321,84.31620856362815,4,1,4,7.472538858159996,4,0
3.5194050725134858,53.15283924148266,72.37490871451128,16,1,3,7.709710126082319,6,1
9.593787525968747,98.55191534914788,92.95161536885179,2,1,2,8.688772532528255,2,1
7.641072250261916,60.213747506266415,98.20242045939955,6,0,4,8.219663366394709,7,1
5.989186472602606,50.927074941321955,92.84793130200906,16,0,3,9.00674951713658,7,1
6.5054867161091705,87.38191042854875,60.062604207658914,6,1,1,4.337283432759271,4,1
4.776400561850109,79.52246653005257,85.45605480733627,0,0,3,8.485123820479028,4,1
3.229578905510417,69.89174298718834,62.04541525768403,16,0,1,9.105116543932573,1,1
4.2037541078613545,73.32181305625787,70.30428881334888,16,1,4,5.716810254749886,2,1
7.820614994179322,83.15210669633584,62.380988013910866,10,1,3,7.842683643959517,9,1
1.1295413976678028,53.70728447987793,84.15181811797551,2,1,3,5.884972383021832,8,1
2.0446537645622462,99.78003496340452,87.46359653970427,14,1,1,9.747826398894723,8,0
1.4140237781957747,98.487589728807,64.57950552263621,10,1,3,4.200541434613022,9,1
1.3665592208707311,79.01954118081622,75.35355532179918,15,1,3,7.4787570629977305,7,1
8.699145256099065,51.972547055748706,78.24946035822168,8,1,4,4.9990212822970905,9,1
7.332920734420213,80.81369454587748,74.76212087043666,0,1,3,8.273321231062951,2,1
5.267564461785927,44.33190453875055,64.84100001940772,15,1,2,5.055341700511972,6,0
1.8805074458590134,41.839150132348365,76.75791160749901,8,1,1,5.412299571390145,3,1
5.4245428760514915,55.46097331067282,90.04712191233672,18,1,3,6.9662248662745485,6,1
5.261245937025091,67.75737740435898,62.84030658133022,11,1,1,9.489009699981269,3,1
2.5588168291901368,92.09635032450282,63.20720056327614,18,1,1,5.270286232887825,8,1
4.904664843141758,83.63014418597848,74.19085167343937,8,0,1,4.865440126708621,4,1
4.586542609576361,84.56239127199886,97.669028464757,6,1,3,8.553860991124184,6,0
6.542650882469948,65.52960006688451,86.74290586891657,13,0,3,7.003717194003586,9,1
6.715842857808794,60.75609955281777,87.1467982669026,18,1,1,9.470710674290629,2,1
1.4077360879484007,62.262325779076164,74.4767996335146,18,1,2,4.879687342959054,2,0
4.371513531638241,99.25897382416346,83.74643164834154,1,1,1,7.875567358138236,7,1
6.632739241428127,42.406551484748945,60.40524736110974,8,1,2,5.39727487691089,2,1
5.528226327220789,92.02188976734692,85.44384185638168,12,1,1,4.940562571909836,2,1
8.7084085706949,74.7205245143436,96.53147790304948,14,1,4,8.100576490943624,4,1
6.928242684570505,66.31692515137543,84.50293873379277,2,1,1,7.562107719452399,9,1
2.466409843732867,83.51545962490819,94.9479437386538,10,1,1,8.528964750173987,8,1
1.6351187266038685,69.20013648548218,88.95892221864375,13,0,3,5.856775458677094,2,1
6.78177350385684,92.40539428489964,64.82233665614761,7,0,2,6.68782993829314,8,1
1.2386017948745964,94.04211184067552,96.09813229143367,17,0,4,6.43283005798251,4,1
6.2719802314611695,65.30325561240733,62.657753774231,18,1,2,9.904536783799085,2,0
9.462072172824618,56.60966783410309,81.35869890191054,15,1,4,5.753493740436327,7,1
6.179267600882911,75.54101971560173,65.6854849517383,1,1,1,5.768903430080601,6,1
4.493529335858697,94.74180073700145,60.468264429236164,7,0,3,6.127289252971645,5,1
6.789593965981179,52.63973134033999,76.88137040510556,5,0,3,7.387564487741929,1,0
5.12427601442365,77.37799501380897,71.80162830616625,11,1,2,5.513936465582471,2,1
5.910551103843415,77.89361320555123,79.44001975190412,14,0,3,9.491739642275643,8,0
9.473183278988726,83.98678134491686,83.08799546938204,7,1,2,5.594113389197581,1,1
4.474923740206968,47.894061107635586,61.74956289235789,3,1,2,9.374894389361168,3,1
9.650715074415228,82.94949788092532,64.92013180494982,14,1,4,4.620850381879508,2,0
9.148155777604574,94.54195123993847,82.34569585801701,19,0,2,7.939376214397914,5,1
2.762120213103668,50.78098653221452,73.72669412690632,16,0,4,9.441913110629462,4,0
1.624251707876489,54.25259949543266,89.16693950197792,12,0,3,5.012496630389377,7,1
1.9070020123968399,98.28370564249838,86.09166594367758,17,1,2,9.809961760595531,5,1
1.1639964308639477,50.85861716256939,93.82417451959627,1,1,2,6.71730016249307,8,1
1.8499866468033557,91.26310560217475,87.69971306676901,12,0,1,9.674290650646146,4,1
7.147060960747211,69.53667138688209,77.19724309560593,12,1,2,8.060920261780282,6,0
1.6406978361420608,54.833864464190626,86.9186648957773,14,1,2,5.80952121924131,4,1
3.8707806726438516,92.24499407635068,71.01524697021674,19,0,1,5.1298151495026385,2,0
8.60387779872509,66.71831530015993,72.25253995112851,9,1,1,5.822410277350596,1,1
1.209447421622433,70.8890412357814,91.55940639683173,2,1,3,4.55810445557605,1,0
8.330216343300421,61.55400216398594,77.85678065606328,18,0,2,4.863207798059978,8,1
3.5366929729605996,75.57705108609565,91.9352136207341,2,1,3,4.627962642078887,4,1
2.0634834485949063,49.81143235510137,92.89689494673114,13,1,3,6.537661262449347,5,1
7.270634488277356,63.46489219910564,94.30249350645136,7,1,1,8.773470257545519,8,1
6.660485621018956,98.16473934011725,96.66540943364829,3,1,4,4.848301325298041,7,1
8.897248121743477,55.48800596206765,77.23940882053185,19,1,3,4.781922599034015,8,0
7.615639394234972,79.40419987247753,72.75467273284555,10,1,4,7.860573697103985,8,0
8.231328373463636,59.511403853481696,83.28794986376455,10,1,2,5.183097891808398,6,1
3.538311153141758,86.40838754119605,74.84689693750511,10,1,1,4.58566022865395,2,1
2.5969558940175053,47.85241964310099,84.04296667200931,1,1,2,5.001091469233466,6,1
7.755532764767725,98.18926270471269,88.22343450575298,16,0,2,9.542388375260657,1,0
8.261512653405376,67.22737248301836,87.53620073968548,8,1,1,8.928827516657144,1,1
9.91454627800606,54.16302780078784,74.98211548080485,1,1,2,6.124387374130564,3,0
4.713559092202838,44.409804839800756,66.67440806795011,14,1,1,7.934924603964356,3,1
4.348162772135049,50.18547430525244,77.2211735384883,15,1,4,7.223654042008229,5,1
7.987716646677971,71.18643691336106,65.70376576327635,3,0,2,8.062745580895385,1,0
4.06723186227716,60.22019058587718,95.60388140735233,7,1,1,8.096026914776555,6,1
9.376815930432082,89.73300195295657,73.83509842951429,8,0,3,7.772404090359958,7,1
8.725714766587107,65.85325141970836,66.17838988893295,4,1,2,5.5966082112238515,3,1
4.860946246375165,54.92285635525779,61.017910396230036,15,1,4,4.234038524576909,4,0
7.757839610123476,77.0286991962418,85.83289545145936,12,1,1,6.733400691940653,3,1
7.7908858667621415,82.40663301312675,85.47609269818973,6,1,2,9.345843308144223,1,1
1.9281148195233935,50.02251447405699,73.62416666325167,19,1,2,7.416983551111455,8,1
9.1229761601161,50.05715297729906,62.86847555390604,16,1,2,8.994346250211446,2,1
5.547271352030714,42.20028561601258,76.38515579580928,2,1,4,9.949746057767369,1,0
8.438117194969674,84.18412090393844,72.44869980253574,4,1,1,4.981697224829658,8,0
3.880446409275506,79.8282716573083,87.08482558940037,18,1,3,8.150665834851894,7,1
9.059709056465804,68.47785254498883,84.23116997810762,11,0,3,8.045761442200147,7,0
4.502815108607468,90.65022693815183,74.5837491279016,6,0,3,9.87973268414967,4,1
1.0975388633226852,88.34020917700319,68.7157021701996,8,1,1,9.913604403716802,9,1
9.148437787773373,75.12126186380513,99.52143864622367,5,1,3,8.120071670344776,6,1
1.821580091075202,92.09627683079552,78.1600648478446,16,1,4,5.461688751893165,2,0
3.873822738313734,52.350472602206096,87.53096943120948,15,0,1,8.791335028783594,1,1
9.550557703457244,46.71517716386367,65.62211870313443,2,1,2,4.642174805266229,1,1
9.555464322438006,56.18497669101937,79.4235879863759,3,1,4,8.684195825029771,9,0
6.160940993109575,43.42521136535889,61.10146879477862,9,0,2,9.46117674486818,4,1
6.686534909528193,71.87017168006193,80.218204716418,4,1,3,6.297000368610611,5,1
5.036009697804878,96.19634153769769,98.56069628470809,9,1,4,7.783811769898483,3,1
3.638896945282581,42.36061244011058,75.36826851943201,11,1,1,6.580856392580958,4,1
3.957980908329244,47.32659484060161,61.559840502996465,9,1,4,6.626590329928771,8,0
7.052666104693346,67.13194169700611,61.23823163677374,12,1,2,5.86222533464872,4,1
7.77137076493912,96.0325010516743,75.51947039787478,10,0,1,8.572777722701947,9,1
8.124211393532637,58.96936629860503,66.40099745852777,15,1,4,9.617059384999031,9,1
8.106563285150985,70.43408852130355,60.93408385312743,7,1,4,9.644505155406767,6,1
1.8208549274382133,42.494371543023526,90.24854455800707,7,1,4,5.048687709249603,2,1
5.449782742323233,48.90059205772533,78.34092035527563,7,1,4,9.248461897939396,7,1
1.5180288401497986,99.19780737753081,71.56979087890618,12,1,1,8.424588648562732,9,0
5.94575994091362,97.90712178616273,96.00332732065922,1,1,2,5.517024404141735,6,0
4.973774512360393,40.29639885606458,64.64555840802103,11,0,4,4.403707677529088,3,1
8.989337644824698,97.10870712539435,98.23675315821276,9,1,1,5.607983601306268,7,0
4.158235112968708,78.34719626893002,72.55866869509411,11,1,2,9.473249420689154,5,1
2.053603147848453,92.07509767120132,95.53614689234725,10,1,4,7.799072049374634,1,1
2.2869251384755227,67.28439133803155,84.11771505917847,14,1,2,8.32632796538723,3,1
7.85359568545725,70.93576171475502,93.0682943896595,15,0,2,5.542914106654575,5,1
6.56396256984635,69.3307948154152,99.36052652841857,16,1,1,8.316328933448922,7,0
1.9101040851051123,80.01185545276627,71.53621751274983,1,1,2,4.168729037667543,3,0
1.756961255034977,48.379075285378775,98.44541941630372,17,1,1,6.251928074638083,6,1
7.30872218313208,41.798415392360674,75.57927579609681,11,1,4,7.760520091253987,5,1
1.6548670572777417,58.47579649547146,75.42047618947689,18,1,2,4.876579393247921,1,1
8.396740533613206,82.2808457641988,73.61548417018022,17,0,2,8.938021446681608,6,1
7.3561800444084655,52.1112071273769,81.6563042939034,16,1,3,5.410187792871512,8,0
1.7321390257770979,80.40594599949503,66.16580172713948,5,0,4,7.913686676910677,1,1
1.7635394267667273,98.19472276643623,82.14845941432046,14,1,4,6.431182855451978,2,1
9.87975620651058,45.6340429473651,81.66819249640017,2,0,3,7.576261572865883,4,0
4.368437161805083,80.35612709350758,90.4760725041948,5,0,3,4.644703315773449,2,1
4.335779323602019,66.62501315827427,93.34599847750343,2,1,1,4.101476799529644,9,1
8.315196105317522,92.08853526265032,77.61765401249696,0,1,1,9.457386564281807,8,1
9.525237196454729,50.628987366843155,72.09332997405974,12,1,2,5.617780052603097,8,0
9.874009574405838,81.55755713356987,70.37339589268377,13,1,2,8.918062016682754,4,1
7.780403667330475,90.28691737888661,67.78495346819487,12,1,2,9.996101802833202,5,0
4.386336269778242,96.6768531684414,62.305903287960994,3,1,2,5.268587547993467,4,0
1.7515064502880189,80.99488169737876,73.69791915338854,6,1,1,5.591024447100134,9,1
7.994322243346931,69.83048584050565,70.80990768523134,9,0,4,7.977158725807994,2,1
6.025638247622245,77.07083441207283,98.65669543465629,6,1,2,9.792691807603727,8,1
4.817998083222786,92.1342990687231,82.30835305000176,14,1,4,9.494886089144464,2,1
9.157189465852625,74.23658479832977,73.8910815612203,14,1,2,7.01725312039351,1,0
2.000777340755362,41.82322358181021,83.21870403974785,3,0,3,8.770661695160348,3,1
5.433625938617732,95.85692173041866,65.56786805382782,5,0,2,4.814475118599407,9,0
1.1021828029067717,81.37160506189366,77.76174996808811,19,0,2,9.864629105224074,3,0
5.217945777947136,80.59080314663478,85.04937285684255,4,1,2,9.786119404215919,9,1
1.5067294811365362,52.94050914386303,79.55591327169806,19,1,1,4.982373747275026,7,1
2.0693612464126474,79.53312821395943,76.07115202617297,11,0,3,5.79653874881864,1,0
2.057736220993944,63.63186433924951,99.75393555598794,0,1,2,4.600929985040602,5,1
6.842892719044572,79.07397862248953,95.21259048595708,7,1,2,5.630305593389078,9,0
7.71440391338881,46.39558181847944,84.9362383263776,0,1,4,8.895734736491239,3,0
6.250318885874437,79.47071827618217,82.77509444729131,4,1,3,6.269893642991557,9,1
9.659552936270877,99.96482354623998,84.82641919298337,5,0,2,4.53038180288055,5,0
4.373835215713337,42.892722331633365,68.05248431289733,2,1,4,6.053353148673427,9,1
3.571408776536747,98.63045105327905,75.80550973057274,14,1,4,9.88830000544768,6,0
8.817392153705143,64.41447764337224,61.57838131563597,4,1,1,7.778101571555218,9,1
3.0123625466750736,92.24520702023554,79.02184149947307,13,1,4,6.496965678436947,7,0
9.669002854965502,86.94312904349641,81.72098335830653,17,0,2,4.99923108098362,7,0
1.109390272208347,74.02097565920008,69.10998944412839,15,1,1,9.91706078370217,8,1
9.728909440368751,84.30695255507959,98.56115388662056,5,0,1,8.925094055578771,7,1
1.388439207555185,92.71093367808086,96.37818443748968,13,1,2,5.688863814705517,9,0
9.02028802328264,64.24841929906198,88.88572941823624,7,1,3,4.4204121743271365,9,1
5.749309981776698,59.62198969379432,81.33546515061451,6,0,4,4.339753344265349,6,1
9.936683165073703,80.05560313381508,94.7987663859074,7,1,1,4.722268897033203,7,1
1.6641690826185898,88.47075651647552,65.22609375293851,12,0,3,7.48461150168653,2,1
5.984688559611887,85.73710808659695,91.6203917709954,5,1,2,9.572580527232954,9,0
9.72372282057189,87.86881893151806,64.99283255867394,17,1,4,6.980460568035907,1,1
5.707880597531339,66.13499888877598,91.76842650197622,1,1,4,9.057672894737184,1,1
6.664587743217362,89.0700529705013,71.03070273005427,7,1,1,6.675319719158847,3,1
7.261738200861554,47.212543322236506,95.08362324072755,10,1,4,8.251501274606952,6,1
5.090869582909959,72.66934587765098,97.76168375301592,0,1,4,8.391236423719004,5,1
6.648022720756571,40.34551962988729,65.95183877620462,5,1,4,5.043782235420032,2,1
6.258828807307902,59.47514979401622,78.50702420261574,15,1,4,6.167296353854871,9,1
9.110422094418901,61.98769209228387,99.2394951265074,19,0,2,7.8238129392281435,4,1
1.409017423073121,63.770361496555324,79.33629743892587,11,1,3,4.424179649106197,4,0
3.528668706330073,81.72803240139173,94.54190090058181,10,0,2,6.16924112657774,5,1
9.553703356689029,63.31348607622074,83.54926088525279,9,1,2,7.208796797687155,8,0
9.012374055018247,66.92161735735183,75.01319631678408,2,0,1,9.977346958267832,4,1
5.100910775071417,54.252647852459646,71.43134222103481,12,0,4,6.847201375734644,5,1
6.581193380213831,62.39510749776041,68.12892364344349,2,1,2,8.896340542685941,4,1
3.496430646830194,53.63617763578909,90.47192765510789,14,1,4,6.592403710399706,6,1
2.6930904375138516,44.39175542610662,75.46162027292111,15,1,2,8.778344335718254,3,0
5.173285644459839,76.20691560288267,80.45101848803004,12,0,2,7.57248880972065,8,0
4.180170052234475,80.09276791330097,79.69301920004727,16,1,1,9.31957264901439,6,1
6.252905006657849,77.16942076057687,83.09116116932525,2,1,3,6.465655314100659,5,0
1.6996117326848634,67.80964262803434,94.6230858249821,19,1,3,7.625826518928873,2,1
9.769553268995498,62.78714681075379,99.22957374333717,10,0,2,7.7801120837129645,7,1
9.875896700316426,91.80001897430952,76.30336834295268,18,1,1,6.50429765080284,2,1
7.2834554261777065,71.14490710817309,93.10075688425212,10,0,4,4.865872262124889,1,1
5.824867297097083,68.75091265778386,90.5811117861887,15,1,4,4.561356441474013,7,1
3.78574854657695,41.53852394838614,82.94115805822292,2,1,2,4.100029303597799,5,1
8.324155177362538,60.474869657569386,98.24188574447732,5,1,3,9.241205585471288,1,1
7.162580552984913,62.811737127151424,68.01898062113611,13,1,1,5.418849473432167,4,1
2.463552454104022,63.92936685381403,64.37056841238486,17,1,3,5.269040495690608,4,1
9.198344660444583,74.81034215363994,94.15847867821688,16,1,4,8.416212402556393,7,0
8.402835186308522,72.0161528036127,77.56599266534994,3,1,3,5.9200966785243505,9,0
9.548199219627316,76.47430556760668,93.87875416828243,14,1,4,7.03626815447102,2,1
7.531475575495239,85.8929956925277,95.7236082078166,10,1,1,4.975066391784738,1,1
6.520736763422109,88.7791443229656,62.49830374476286,2,1,1,9.758474328771815,2,1
4.76418732661557,83.08738457358967,95.33859051944242,2,1,2,9.109488400103423,7,1
9.39455635018612,97.33142175729608,77.93276221477689,15,1,2,9.18273773779002,6,1
8.794575005503674,41.0939549605817,80.41729956016928,4,1,3,6.4406424914320315,4,1
1.4069680309557047,51.74667914101276,85.06370044372841,9,1,1,8.574167282243037,1,1
1.2373027704752682,40.45377249868853,97.05530426920348,18,0,1,4.863256932338681,1,1
4.388170301902447,78.84848284927618,60.764643777190564,3,1,2,4.051714015550681,5,1
8.294979977036496,93.88183293699922,79.07373873271268,18,1,4,4.1198375954681685,1,1
9.8854851638345,54.608937794577955,87.50888169722242,10,0,3,7.519610424427363,7,1
2.3537520199317536,95.6220726877784,88.90827830792914,1,0,3,6.732369431487645,1,0
6.347176438169216,43.61604341737365,87.70129726148431,9,1,2,7.108092093451118,1,1
4.428017709679194,96.06616160833086,65.37740517632487,10,1,1,4.044778842503316,2,0
9.72922958033143,61.09736123437806,71.97582353486725,19,1,2,6.536119717944555,3,1
8.579070308221379,46.08524970695299,74.34862101668054,15,0,2,8.308408967205164,1,1
8.54495834240024,69.15230555117954,92.1774883071802,18,1,2,6.656162211804615,9,1
5.218238438154732,55.40659406323048,71.15039489658213,10,0,2,8.393315237873335,8,1
4.733375521038987,57.092374117715366,68.42819855468812,13,1,4,5.398113786381009,5,1
3.4606636473763563,58.43739789557719,98.29792076152384,1,0,4,8.878852026890353,2,1
1.507379469858344,88.1815538699598,60.354531404538754,4,0,1,7.530587442720714,5,0
8.782501386295479,72.34967660051527,99.91283422727912,4,0,2,5.264578596579438,6,1
8.316109082170698,58.67846194936022,87.07285195429583,18,1,4,5.420322855122998,1,0
9.997459059575176,76.6200269986551,93.13877197796468,11,0,1,7.7681827874172225,4,0
9.969731533665149,82.96904045339161,71.78477585384772,17,1,2,8.97963755927466,9,1
5.998885350423647,56.35744004401202,60.5726111066824,3,1,3,6.4937666921749315,2,1
7.9208867366245945,64.8129460915211,89.5147807424612,16,1,4,5.549802574765553,5,1
9.502891568941852,47.313165600216855,93.36578388002704,9,1,1,9.202069641463602,1,1
8.646826516096702,50.86896097208082,89.61904527814076,19,1,3,8.01560975050501,4,1
3.226132915688779,80.86707123789897,65.71401149203355,5,0,2,6.688512923698459,4,0
5.054897217790842,50.88630086173762,90.13711689027876,13,1,2,6.927401171675811,6,1
2.162434736363455,71.50980302002361,90.75691128430563,10,0,2,5.225538807618379,9,1
9.586459245328502,82.54277570334597,86.3416206268022,10,0,4,7.760815780389064,3,1
6.455571710057921,46.41261538568463,90.64463731182344,17,1,1,6.152455063257332,9,0
3.0577852495311646,74.03873317773422,93.83685758710928,17,1,3,9.973871060046095,6,0
7.045306159652711,55.393767022081825,84.54416456949834,10,1,1,6.8811010915713275,7,1
6.5631541641210625,97.77561251425479,63.54418855878716,11,1,4,6.915313637137679,2,1
4.223464462295564,69.01273880319548,79.50511238668844,4,1,1,7.395110724464031,6,0
2.022018329796661,88.35955298650948,63.1059733868642,8,0,4,9.50053601871248,6,0
7.044158760335196,73.0135925293757,76.30172124129723,8,0,2,8.804908599158502,2,1
5.68276930813414,42.60475197128915,76.28425956502511,9,0,3,6.706780418787049,2,1
7.950865525620754,77.98908253564134,62.640393765609666,18,0,2,8.312195595836776,2,1
5.68147151000794,97.08420053239942,73.95282135877918,0,1,1,7.517412992684569,1,1
8.669633502866862,76.09670920877987,64.43992395165259,6,1,2,6.954202292207493,5,1
5.9671615489703695,89.15133156560742,92.32940840036889,3,0,3,5.153894636706103,8,1
6.0484417438184765,93.05238780090447,97.90752103857884,0,1,2,6.783617580729345,2,0
8.889882423925105,53.68478631693595,62.892659010317544,14,1,3,5.474911522135448,5,1
4.631345795911574,52.7226903944936,98.20460829166805,7,0,3,9.489052899109929,8,1
2.2061370560557667,76.6588593310595,80.90306397346981,11,0,2,6.012440880978081,5,0
1.2590440868200508,64.66170818840229,71.98262711815495,17,0,4,9.713584087200234,2,1
7.796235301062571,90.39167817200322,63.07448301104654,14,0,1,7.198331740568268,3,1
6.582785962181182,94.00138740388067,80.0249707228167,16,0,4,7.789266272056961,6,1
7.336717912893012,61.20528275816309,91.78062177962994,13,1,4,7.257642666935967,5,1
2.9166774535801965,54.21223353846892,88.28345909066792,13,0,2,4.776283701800205,4,1
2.2273432802809277,86.83153091463171,62.00904045855895,17,1,1,6.254927314047646,4,1
1.1309019910109375,56.48836213288817,62.91607341471614,19,1,1,4.594876673665744,5,1
4.155288029259372,89.3568591108207,76.11493130530548,17,1,4,7.73772426510029,2,1
6.309259181691698,65.42429521892578,71.81161976191773,15,1,2,6.681245171202633,9,0
4.530196405897591,80.05299395748823,69.29537292224191,0,0,1,8.667909829425621,2,1
4.937274298213562,45.73211883008009,71.24017995634854,10,1,4,5.322822885996219,2,1
9.137428250443735,77.43155948059439,92.13930973187539,14,1,1,4.9873963505760095,9,1
4.134299203209704,67.10606072423374,97.16912214527416,11,0,2,6.437993385782606,3,1
5.625905402438297,75.19650779052844,76.20410778110266,7,0,2,9.559512299310287,7,1
8.052877114670288,50.0808524646918,96.24444008529989,19,1,2,8.262530890074471,4,1
4.568885040891431,84.21242469665093,72.85982804991528,5,1,1,6.513541748757512,6,1
6.598780302050861,91.7678246525937,79.05747945375167,2,1,3,7.103633018525864,4,0
8.761273378720706,53.00438800544654,69.04115991263998,12,1,1,4.50527806706259,7,1
9.54568561291878,45.7428733312097,85.61904168703376,12,1,3,9.907455378256678,1,1
2.323661328361341,41.41831516278018,99.15924460699236,1,0,2,7.998443828169513,3,1
9.339288626453449,78.51829002659596,84.13972384173515,4,1,4,5.712424410780535,3,0
5.429046637715844,76.42564216532685,74.31256336454196,16,0,3,7.5148503652914656,1,1
3.324199494690625,72.8018447628442,85.91269783962113,5,0,2,4.656894196413964,6,0
5.132221806144352,53.916825766958524,64.9168271386155,1,1,2,9.795020012845502,9,1
9.820293177569294,63.45435975433088,95.54636321061594,3,1,3,5.048709927300195,8,1
5.4335628459358265,75.66858011117039,80.12335803119345,10,1,4,7.888181908331285,7,0
3.958764492587574,69.80601153155015,77.97398968158568,7,1,2,5.472726775233583,8,1
6.700607688850532,99.26713121289325,83.43459153814077,11,1,3,8.305368295891213,6,1
3.1613105690037377,48.18638515340399,84.9913545115761,7,0,4,8.660928203441687,9,1
1.6827699529779752,81.70867324285562,62.87103224906052,10,0,4,8.040518373468597,3,1
2.159917497195843,64.25912608625752,87.3046888489361,19,0,2,7.686996761531155,9,0
2.152412550619952,65.69197689553688,69.67726721262119,7,1,1,9.35481456371207,4,1
2.3671242416106493,83.05586593949057,88.55810530026359,7,1,1,4.471760265938548,7,0
2.2494445538446914,81.54616907946217,92.90139177536787,16,1,2,5.985488594681171,9,1
6.767872703228932,99.4753596221313,92.15834030210081,19,1,4,5.489724877785076,2,1
2.6369207595923037,47.703657367247516,82.10003869631556,19,1,2,9.92808377239253,2,0
4.111005549914768,46.246578963049984,80.80679569243004,15,0,3,6.3363386780012405,9,1
9.071095689154106,83.46032902772447,65.71503845357647,13,0,1,8.395676195442393,3,0
5.265654762365851,74.70321502038455,91.01384601612543,10,1,3,8.108350983286027,9,1
7.008019646689244,56.44963999358835,70.85637521786857,6,1,2,5.272487424864266,5,0
2.5508788408146685,44.765162139339196,79.86781691271787,15,1,2,5.433986081269308,6,1
2.730601169278037,45.13949497578583,71.37096371710066,12,0,4,5.687707381318205,2,0
1.3678175463983098,93.6514524798471,65.35313451998772,14,1,4,6.466763669556276,8,1
2.520415567649481,51.512039483124575,85.18230787566947,15,1,4,5.405950393903161,9,1
3.5073130512876274,59.40229372693125,62.17328139291615,8,0,3,4.117908896481087,2,0
2.5930943584907213,53.59938413361928,89.945809365048,2,1,4,9.276358340843172,6,1
1.7983228038135004,61.29977834991624,72.70347181044467,18,1,2,9.793658988285305,6,1
2.085722839905407,44.1654305647656,60.005387720179414,19,1,4,6.0494223221894075,8,1
5.147008912294532,71.14358745449621,80.44516556948919,4,0,1,6.031041276552838,5,1
2.8570034656521326,44.05675381553289,61.87407634110413,9,1,4,4.042550876646226,9,1
4.278428749432679,88.0213904693417,71.04678231283597,16,1,3,8.081504129982244,1,0
5.530755437693712,54.02272491462598,88.27905949822865,14,1,1,8.952639374491772,9,0
7.213553457664288,72.40071487627063,62.50758486487464,7,1,1,4.879649802160019,7,1
1.3538092585698904,92.80474525368749,93.5735396942401,14,1,1,4.957998096202904,4,1
8.194693590181384,79.05264214283164,60.152796906343326,13,1,3,8.740499499828626,3,1
6.6511035054181695,71.97746719308012,69.87295476807608,19,1,2,7.697744490124868,6,0
1.7358312875398472,59.460025186922536,89.63616224608286,6,1,4,4.269163345766302,1,1
8.862207616960994,59.98011478349187,72.65080598917227,11,0,1,7.73528194277369,3,1
9.287851604786319,80.1692173118914,64.07569552264054,16,1,1,5.853506337062596,2,0
1.5497016386937736,99.64836167327005,74.40935675201712,16,0,1,6.212350932825076,9,1
3.4918988333248335,79.71035139096271,70.81573145538103,9,1,2,8.618388509781282,3,1
8.255811518137552,73.46700504220149,93.7084760864222,18,1,2,8.865611156035664,2,1
7.734337213452926,83.83903061435477,72.53391670340572,13,1,3,6.402139761038984,4,1
2.6606891742073957,67.91233673702308,91.55729887104029,10,1,2,9.682917616038129,2,1
2.8841439100303927,43.60854055604711,95.6748857924294,1,1,4,6.438776307712433,1,1
4.334248925122438,73.73780895267458,77.35269678306118,17,0,3,8.63101621138066,6,0
5.360706866719192,97.45751707032281,96.39772575417568,6,1,3,6.903263587385554,8,1
6.564292943772664,50.51817654145958,75.09272215852772,11,1,4,9.385193959132504,2,0
4.320222756127952,81.40029344923994,98.56313665960433,1,0,4,9.446567461901072,9,1
5.162812445198331,52.05602131954339,63.57158098102292,19,0,4,4.524500847226503,3,1
7.727238443203809,72.14966106838487,87.4807706601297,17,1,3,9.618959987861354,8,1
1.330148826015381,45.800586978803175,79.75256161827716,5,1,3,8.953209049122494,8,0
3.2719324990961867,67.02225617549111,75.50595221822589,9,1,3,8.747864285876002,3,1
7.420146272960972,85.36979973371476,85.30847514994403,19,1,4,5.205468038113135,3,1
9.056861539184794,60.85429145433892,88.15428366537324,14,0,4,8.83071525252799,6,1
5.6050969790409955,79.89470346923308,60.17453078601236,4,1,1,9.10079640811022,1,1
5.789021367387841,87.72699764738375,66.67812354988794,19,1,2,5.734902006724906,4,1
1.9645481020579845,95.63066916876716,88.52184202537275,2,1,1,9.713560470173942,1,1
5.026711301411092,54.078524911327214,86.65541654312825,4,1,4,4.299160878394986,3,1
5.793555398095209,63.958954948558485,98.6419002051471,7,1,3,4.899455519482838,9,1
3.1822345327125667,49.14496079982504,90.44151161003131,7,1,4,7.225486828309085,5,1
3.4231890785444286,99.5490101295025,98.03090830925352,7,1,2,7.454754826733858,5,0
4.395557467941604,95.62005807545772,88.10162006139228,11,0,1,7.870900499805421,4,0
1.1806407799995373,72.39742781683358,71.92208834557772,7,1,1,4.101814775892799,3,1
3.8987124902486046,90.52199766258528,64.21459689003426,10,1,3,9.762200647732781,5,1
2.9030320629689017,71.25747863632253,91.27295453379742,13,1,1,4.267528556404864,4,1
3.9474761696012317,77.41514128016559,85.76596885903663,7,0,1,4.8583717163404145,8,1
2.077859186373261,45.34746592696099,61.92744049573185,9,1,4,4.084087105156342,4,1
9.014745526659055,85.31622522980848,74.40201863603913,6,0,1,7.401150599764568,8,1
6.342332081986438,47.66280901811409,98.27199261937145,16,1,1,9.593601303525833,6,1
7.111920872300407,89.5640578151517,80.01604582840805,3,1,1,7.995682996482786,5,1
8.102541147466045,86.92168526022316,77.30916544078818,12,1,3,8.935944810882564,4,1
5.485979790361515,82.52468186457858,78.30798420637176,3,0,3,4.079687220751481,4,1
1.7822825927868133,42.169622831485725,68.35530896020654,4,1,4,7.252091790878357,4,1
5.83395887636693,58.187701356719714,74.74828683459181,3,1,1,6.757377865033131,9,0
6.281570062187912,55.78675419465057,74.79253023948706,17,1,3,6.993807665324758,4,1
7.70895526765897,61.60818444829114,62.09420080749889,5,1,3,4.433279112011128,9,0
4.884935916067114,45.25856480583031,90.70270514071673,1,1,4,8.106612166415845,6,1
2.148222725160074,96.21746938186376,76.66017727615517,10,1,2,7.019322489151807,7,0
3.55398315218852,73.22813444274257,92.88719547265694,13,0,1,8.590893099167584,3,1
4.267740667587716,58.33145863948141,94.01392004479581,4,0,3,6.911743804370293,8,1
6.8132551719844106,63.818891024457,68.47976218794632,5,1,4,4.896289817358593,3,1
6.137004742020207,66.83215243029014,86.29413928680515,9,1,4,7.889541724466932,1,1
4.204870533080616,76.03566000163704,78.89127216651927,7,1,4,5.034318172630997,5,1
9.878637239136816,70.94076566178987,95.20626951685941,13,0,3,9.234367380128889,2,1
6.451973374211985,95.16351839286504,68.62962716705816,2,0,1,7.678697434415449,6,1
3.1350411256239505,69.81780897434982,87.11252801240177,11,1,2,4.9432233013417255,9,1
1.9160422535836337,99.52948088939877,84.3100848901089,15,0,1,9.774028344887242,1,1
2.375732252658988,91.08549746470575,71.8120591028733,16,1,4,7.110192780011924,4,1
3.213619555460573,52.51063086144015,65.46403614604691,0,0,4,4.43739071122993,1,0
2.446132359336001,95.83571287863498,86.06559041909107,9,1,2,7.760997426490404,1,1
2.679103216461752,46.98198387312856,89.54389832529323,9,1,1,5.519193442076862,8,1
3.565856518244624,89.04698250947149,72.625093750534,1,0,4,8.822160711263814,2,0
2.560362357652793,62.837397608594806,85.79330416089255,8,1,4,8.906932441397144,1,1
9.070888821637826,92.67845922670418,75.80523630446012,12,0,1,9.87368413512797,8,1
1.7221037109547799,92.08340140644702,88.52827533130471,15,1,4,7.0112171861470225,4,1
5.720602506132292,88.35552400705727,67.96861099576212,17,1,1,6.729741278366423,3,0
4.693571442906954,87.40182617842368,95.60860010544698,18,1,4,8.520853632678884,4,1
9.841407552177458,58.280748345882444,71.49638385862319,11,1,1,4.794823938051559,5,0
2.008350119512471,44.85515698307513,74.71143951024612,7,1,2,7.281493082758745,1,0
4.580700391411675,64.17881072590968,62.32367808321399,16,0,4,7.277485600785106,1,1
9.72523389947832,50.41147089919052,64.46048849285106,14,0,2,4.5368387368623235,3,1
8.789564133045822,81.69706533414771,80.63447610849312,9,1,4,6.507904513041481,6,1
8.353648638543518,60.76598359226713,70.70370706911886,14,1,4,9.119708791403212,1,0
3.3211254434044584,98.53661205159489,93.41920902968778,14,1,3,9.136921731967963,2,1
2.5379882865105925,78.45832464071992,60.587735546198154,6,1,1,4.595425989518086,7,0
7.017788979319879,89.34883381806165,75.16376194687744,12,1,2,4.544325296486985,1,1
9.364383902148273,47.95148036451091,73.49382187076371,16,1,2,5.576172862011612,7,1
6.010866037125368,91.72086893635736,60.77310523670404,8,1,2,9.248596375323961,4,1
6.144514205229099,95.36543143080365,64.97473596002041,7,1,1,4.773415510440993,6,0
3.5198118429425573,69.22371512913615,76.54570699674541,19,1,3,8.319980815764676,8,1
7.925436398727432,76.37517626505866,79.71458337789787,17,0,2,4.60699371767862,9,1
2.6833937370177106,85.88858805417973,76.17158989019477,12,0,1,7.738827122486953,6,0
3.913113127638193,50.49031763562475,81.23750713648376,15,0,4,6.136403794714869,9,0
4.828927947547751,70.15396458780654,83.80526699622726,8,0,2,8.733483777795202,4,1
5.568493408160095,63.919781666338785,60.396952845113425,11,1,2,5.402142692952181,6,1
3.181687591735722,48.782439529734944,78.56380637814016,11,1,3,7.835210976339759,8,1
2.033531422652832,62.05206533749188,98.53996963550352,5,1,2,5.4140952074553095,9,1
6.495580381974693,44.09033856312961,80.76129120518195,18,1,2,8.281961698672923,3,1
3.597674979162302,41.54871441696922,87.10169069835813,6,1,4,9.242068207364493,2,1
6.231143992803511,48.109977349289366,72.47455431667532,2,0,1,4.760810794760561,6,0
2.389264437467821,97.78690669535044,90.9596551261105,15,0,1,9.199574131573021,4,0
5.330260916693358,72.97177215370101,90.9168592750446,17,0,3,7.561451526485787,1,1
5.793304892964272,97.94932966919319,80.85184190616556,15,1,4,4.762662945202144,8,1
1.4664118314018422,65.94987269980791,99.04055293116855,6,0,1,6.565251132158272,9,1
4.029438503745285,58.70896798511558,65.02200859050613,3,0,4,4.965161760910587,9,1
2.209732092450768,70.36851177041464,60.67790659558324,7,1,1,8.202087333199417,2,1
1.5703747342549097,66.3707013179746,90.80632847028383,12,1,4,8.553208806507698,9,1
9.909642091509507,46.33988105570464,92.28622149459531,12,0,3,4.634779121636794,7,0
3.9011846047725065,78.44957888141238,64.80828916482305,16,1,2,7.036839116167866,5,1
8.288870012691714,52.96229095057598,70.62331331834424,16,1,3,8.887750336155502,7,1
3.2917658928738747,77.17527729386978,60.70209453466516,4,1,1,9.61697824930598,9,0
7.133524500015364,79.01206554388921,71.73234443122259,5,1,3,7.08110720045062,8,1
7.842050739007179,49.12149118771889,90.92567495674686,18,0,2,9.701675341668443,6,1
6.360748665470599,43.680977626640086,80.71842110850315,12,0,3,7.214133822736179,4,0
5.244185696951425,86.84569516410639,73.92382372673153,13,1,1,6.365142967599448,1,0
4.706568227325417,67.5880254261592,74.86957179625321,3,1,1,9.089218771317373,6,1
4.139814398886958,43.48982773032855,60.05414502861873,6,1,3,6.957896262748534,3,1
9.365762298230432,99.69197903018602,71.99202110260944,7,1,2,6.831415063387138,6,1
8.475574670089562,43.466833659782,85.85834966551722,12,1,3,6.941874936458969,6,0
9.685242195998613,81.7021137315132,98.96777775265429,5,1,2,9.080710011218471,4,0
2.1186750113699024,99.02073551580482,93.88243307935598,5,1,4,8.991649250128312,2,0
7.577807276832798,54.350806252955536,60.94379858582116,2,1,2,6.421119954641267,9,0
9.44506411138934,48.53496212123177,95.94242418699358,2,0,4,5.99979915922315,2,0
2.6310975954909415,47.283096365345735,91.32793653194504,12,1,3,6.951568144234775,3,1
1.5984664063009975,58.196508854055736,91.21504494283921,1,0,2,7.436635058422654,1,1
7.670085843610531,46.0627486606388,78.31983036014286,15,0,4,5.430023263767982,7,1
6.170258018619207,81.52968050164792,75.92021171818011,5,1,4,8.763730508293545,1,0
8.576458990824449,43.73750788780376,72.11662915332771,7,0,4,6.918896594394537,9,0
2.2579513896366055,70.56532768898738,62.62779435817463,7,0,1,6.004273290519757,1,1
8.15740580673901,99.8018112311786,69.12941453974797,5,0,3,4.640925957783944,5,1
2.8146458804297008,88.83821617036114,69.86414539912099,13,1,4,5.433070962421642,7,1
2.4729034857913406,76.91316629386066,79.36308278840806,2,1,2,9.695687030535902,3,1
2.4783921813789362,58.3752172471967,89.89777626386775,9,1,4,5.830598120917159,9,1
8.33117248208244,77.43375017749831,78.95239313591787,2,0,1,5.013155736202211,8,1
6.986774986265801,71.6224878346991,62.313777977886424,11,1,3,6.764036749929959,3,1
5.707588822922074,65.56500303342229,98.31159203952816,16,1,1,5.842526460161492,5,1
4.229474357111522,47.84262260441197,97.70897276376449,4,1,1,4.210955501627165,7,0
8.894804867317974,93.196252914428,91.40758172593634,19,1,1,5.938871303676503,4,1
4.532005966803719,66.98707892927935,99.65311606256881,8,0,2,7.264651743636811,5,0
8.349394955244193,51.6773507092459,81.77929331201051,19,1,3,7.310274232119801,3,1
4.952214177131966,62.06556105263738,98.51073401012825,6,1,3,6.139353527061332,9,1
4.392499864824169,64.84778515173562,63.02420162467003,3,1,2,6.683816537515604,9,1
5.164118071026458,89.65227373401245,74.62722993045486,12,1,3,9.793107509408598,7,1
3.7124008674772786,84.01686283368412,69.01525072027063,12,1,1,6.2640908633818695,2,1
7.72848442158626,86.15829361848039,67.8333233653708,9,1,3,5.549360879559898,7,1
5.5244835108323125,40.661875865718834,65.63211795570705,17,1,2,5.460802264400561,7,0
3.0899142563213555,64.96923989078569,84.89654566263987,16,1,1,6.746587676224805,5,0
9.096171159471115,68.88064909811942,91.2528742298922,19,1,2,8.557120892301665,9,1
4.455020992358903,41.1515366093834,83.13193597681442,19,0,4,5.23592910513084,3,1
5.891975750025898,55.58879252470206,65.87850838352838,12,1,1,8.255776762844608,4,1
9.158248998680923,85.6173893873281,92.44495079733883,16,1,1,4.126898940096497,1,1
6.618141963225929,48.22658234373994,85.43818828654913,3,1,3,6.513597867903676,6,1
2.0520823663752767,72.11860788715549,75.52662824507982,0,0,1,8.65519039121672,4,0
9.458489112521276,52.91211232103425,86.96521182144252,0,1,2,6.0323977346465885,1,1
6.6493724776427605,40.727246478633596,70.39619916971331,14,1,3,7.382422608672397,2,0
4.014150531913775,54.472087455972485,73.80768833976842,12,1,4,5.229875396955465,3,1
2.2534486539704854,98.55242529460322,96.69943372527962,16,1,2,8.451972346757033,9,0
8.146226703432664,88.09222671297937,71.62018022685682,7,1,4,4.3136746196125575,8,1
6.580654803356621,97.574598659262,78.79953072631747,17,0,4,9.115255869253001,7,0
5.801149827786894,69.27124263558174,95.60564549584058,12,1,4,5.189178318530009,4,1
9.045033247458619,46.584171920650206,88.3088540107011,13,0,1,9.246388190249984,1,1
8.097374901020777,72.87756933842158,62.488129046588114,7,0,2,6.115175447803104,8,1
2.365073917594761,67.26264007359765,65.89212177115881,7,1,2,8.33610144684692,4,1
3.805498610159934,90.66142496437695,60.313663630876675,14,1,1,5.915351786717131,3,1
3.236402258330192,45.88495484705467,85.23687160916654,12,1,3,9.435470027407884,9,1
7.695516633154092,69.29446822130669,77.90693701641673,6,1,4,4.759822753110246,4,1
1.3017919126220145,49.00291988163906,65.37099403609102,4,1,2,5.071118735635592,4,0
6.129007163841849,59.480555613403595,98.31736484227082,16,1,1,6.958180750952813,9,1
7.862128171666215,84.24142464326798,81.18638895782479,15,0,4,4.491630634228876,2,0
8.890890730855745,68.561087762126,69.67573176451558,1,1,3,5.175881108210572,5,0
4.078735738443167,62.553297108746165,80.0241428461883,17,1,3,9.662598293272087,4,1
8.391315742048116,63.66857671420212,87.18481330940432,16,1,4,9.858937966887323,9,1
1.995685632596865,67.5668061043592,63.04956871894258,6,0,3,6.257555975982532,5,1
8.618070625610663,87.10099263022342,70.98815260191569,12,1,2,9.539716126083615,9,1
2.147397960987842,93.52508133641406,92.27861963535975,17,0,2,7.268948054040591,9,0
4.575585615043305,97.3200811902357,78.38659481610645,13,0,2,5.618454795242602,2,0
8.175658292015981,87.2142031753177,81.86308568129179,17,1,3,8.214392326483592,9,1
2.349256846138964,58.924413744880766,77.31264008837877,12,1,2,7.953410839449143,3,1
3.0632625570937733,81.28808236519254,61.755997705720205,10,1,1,9.9347519146524,4,0
7.500273115537596,66.25618744332351,66.62999119280624,15,1,2,5.5902837244557,1,1
7.480328828914669,55.28023732276307,77.82166554967563,16,1,2,8.032357015970412,1,1
6.770328695967676,90.45229476555537,68.36741861631711,7,1,3,4.312142530176681,1,1
7.2455360002039,42.3055809377395,61.99916114638715,18,1,2,4.681876232180317,9,1
5.884519990128366,94.1057195281254,93.74598656207294,19,0,4,4.023510249706559,8,1
3.266191530162575,67.68864787748404,99.24770116656464,14,1,1,9.996764086358038,5,1
4.111263941535275,78.23208860849682,91.72571495986958,8,1,3,8.813642182884866,5,0
2.634379451212831,79.56123533234697,94.15139686818668,19,1,1,8.720338088401245,9,1
9.176055052002654,93.70706444239218,69.67908521268181,9,1,4,7.058356451729078,3,1
6.250526152895084,78.20018093003245,98.42507902052799,11,1,3,5.800402497432639,3,0
4.607662750872759,76.8360150856037,67.87702817813714,19,1,3,4.9075857067760555,7,1
5.1580522327971945,43.999122433641396,98.05719241447329,0,1,2,5.7080484330787815,9,1
9.525550056506338,71.10448131671225,99.79277175863804,19,0,1,6.255827331574835,6,1
2.380162628044722,49.010140049022496,88.46891222984195,8,1,4,8.537860581881764,2,0
6.276068488151175,84.24602612328914,99.24574927167288,14,1,4,7.237970733418915,1,1
5.5529981099601935,70.73331524876048,82.78159118268414,0,1,3,4.464901759332896,2,1
6.503088118911831,80.8136667525012,70.38167132704362,11,0,2,4.108174053753474,1,0
1.1629916543875645,42.50037403614306,77.47983542662483,2,1,3,4.613993077204379,9,1
8.849115180497364,45.087520962748194,83.74243741515144,10,1,3,6.462992282184276,8,1
9.38906454235251,82.97940328376094,62.9232624810806,1,1,3,9.59915750229411,7,1
6.086198652302881,44.325060159920405,84.89373058468985,15,1,3,7.82441488725533,3,0
7.26985741489203,44.27540366591552,99.24711347049178,8,1,4,8.810955399253091,8,1
9.302494430595662,40.72650851409325,67.60430599134911,14,1,4,6.798247567027291,2,1
7.3651477088205874,97.39008389796881,91.70380465153534,11,1,3,6.1699964991702565,2,1
2.3728513862283522,84.25050156754043,96.31595175118477,0,1,3,4.650402236299737,3,1
6.186595241501319,61.19508451012385,97.74806371280883,12,0,2,9.25559813311723,7,1
6.460435417445703,57.792134877259315,98.40542417621789,13,1,3,8.698960174167418,1,0
4.817176041721474,60.982193784750976,80.85838554885888,7,1,4,5.0087085855863505,8,1
7.627998120622506,86.47921187087091,99.09231631966014,7,1,1,7.073563383257563,7,1
9.409303132921133,79.68223666422486,90.29240828537755,11,0,4,6.924248847527469,4,1
9.330116616160987,51.11173407204808,66.46685744947848,0,1,2,7.750549316119171,5,0
5.057554342637189,50.44656012004506,79.0760042587188,10,0,4,9.677121363947567,1,1
2.019142412566797,45.90373898280384,88.73324701488016,7,0,1,7.478628650574878,4,1
9.863570790661012,79.61816318208028,69.89361263276334,9,1,3,7.241303600671712,1,1
8.550082778013408,85.86235973330416,85.6246073419555,18,1,1,4.301937597607983,1,0
2.1219641308294017,55.90278569950024,86.66401916186477,10,1,3,4.377444856108143,1,0
9.28757694355635,41.256697661854766,66.50798975234264,6,1,3,5.1240807479607335,7,0
8.829067258559155,44.93030004858564,82.60341249811026,10,0,4,4.19482463015049,7,1
5.669542514134649,98.07160209070183,90.8650764391443,16,1,4,8.460117373420074,4,0
6.321478921704363,57.72668664864521,79.95582658143768,0,1,4,8.339981823963779,2,0
4.591024334831173,86.15338887028801,60.4841246710443,7,0,2,4.816337406589858,3,0
1.492854749398282,77.47981413125584,60.36153876317169,5,1,4,9.016473404771686,8,1
4.016775174813109,62.91637837917375,74.28117375880049,17,1,2,4.928716209076672,8,0
8.225681037382103,52.341235731733306,97.04776273727128,5,1,4,5.807053521984153,6,1
1.0416882070414257,47.283185089564384,69.14707118414435,4,1,3,5.4938613949681905,9,0
4.001492545220298,76.900778082332,85.37454755486749,12,1,2,6.233842591438287,9,1
4.58351824231849,86.47802683826728,68.88303482773283,18,1,1,5.527982595339771,4,1
5.836560426441306,78.63425521246785,72.86679958638194,7,1,2,6.933705558630712,1,1
9.278700547714845,71.81812799494949,93.92168358405937,8,0,2,6.444447288128113,1,1
4.1171139492936515,42.517073405898174,89.15445769079787,16,1,1,9.919416944675959,5,1
4.122578817066049,98.10932665566303,63.81597109252843,2,1,2,4.335558100769354,2,1
7.637511232987736,87.92285149927447,77.14808083945735,18,1,3,4.85308825832411,6,1
5.069961468008264,57.56932220205788,61.16679054581058,10,1,4,4.316955363451615,7,1
3.021443406459838,98.79821976153104,79.23560586412036,16,1,1,7.7550471698942545,1,1
5.07195564519424,76.11289537817933,86.49736046804273,18,1,4,4.327055664482318,6,1
2.2677131834181985,74.94535949243479,64.74010494392606,1,0,3,9.01863842425674,8,1
2.58748287855601,84.88439076577193,71.55539755636663,7,1,1,7.071631784091567,5,1
5.4853099546553175,88.70618728540825,75.91346502008628,18,1,4,7.162045747489202,7,1
4.770329045540931,79.38871643989016,96.78124098624198,6,0,4,7.369567046273165,6,0
9.2336131096129,47.685744781972005,99.73020061691855,16,1,3,5.024882237837264,4,0
4.261545092049698,60.296050359669906,61.79645195982464,5,1,4,5.1861418186869255,7,1
6.225295152502391,95.685018419563,90.44031693981569,18,1,3,5.912903937238028,9,0
6.690378591275773,53.476936710631115,74.86896265609373,5,0,2,7.560978494931108,7,1
1.1178501092950026,62.330021430250795,75.6983274491792,1,0,3,5.260706655641287,5,0
6.971836348150395,65.92461297665176,90.17059893388091,5,1,2,4.697990362799567,7,1
2.6023237018277627,66.36429938166714,96.73705728581635,4,0,1,9.820701318510594,3,1
9.649632857225097,76.77637494967152,98.03714378010193,18,1,4,4.131890888857738,2,1
2.3379645497780164,96.58455026468246,83.08490344153283,19,1,3,8.81618443201613,5,1
4.731617113543214,54.4415627099503,74.28484637202011,3,0,3,8.728210897450133,4,0
1.7681470127077947,47.290082578055085,91.50196343435117,16,0,4,5.783284683070576,5,0
9.971868266613527,51.848229391596234,70.04005533049201,10,1,4,4.81375969604388,8,1
5.519755092981184,93.21549401255618,82.56296115334071,3,1,1,4.873771880232541,4,1
6.358465155880394,78.74864875931236,74.34313846099492,12,1,1,8.184589703423155,9,1
1.6036882964958474,57.15440735434961,86.26524294831505,19,1,3,7.856839546517042,7,1
7.7496442335926,88.95681633811704,69.61595651574028,16,1,1,8.696474045508321,7,1
2.889150337860272,91.68219978180616,67.66371782939304,8,1,2,9.624887034394629,8,1
9.082488604966423,90.79086032141669,96.72956346701748,3,1,1,8.151564179599552,6,1
2.8462567643380643,95.13559201837327,64.07214731798148,13,1,1,4.935109219308661,8,0
2.716189485972999,55.134461210401696,80.23831630939726,18,1,3,5.460655700592464,3,1
1.328947010632854,85.3025157247767,68.83411131852036,2,1,2,9.053162385238688,1,1
5.248602505989993,67.6323698364484,61.5571985330267,13,0,1,5.255836455005252,6,0
6.083570199363548,90.5199131734037,61.44075273165706,7,1,2,4.435133901726888,1,1
1.5913777548551713,83.70944062969679,67.00887088423309,0,0,2,8.219680324253503,9,0
7.9797485502550956,86.58684678998347,94.67081418024,9,0,2,6.415158132940852,2,1
5.079599512732249,79.36971026086428,71.29914975908106,17,1,4,9.520240315275421,2,1
5.7195124239482205,50.645726168182414,98.01836682301183,15,1,4,7.901530426561969,7,1
4.966864722444053,72.70161513381629,83.26489171956774,7,1,4,4.542513866749965,2,1
4.606867547877934,99.0801843714705,77.46456759075065,0,1,4,9.687139403521964,8,1
6.036762981773961,96.24328398982713,83.20355338677818,11,1,3,5.551343581841476,6,1
2.3971622133764123,42.5904241478207,80.66793540905071,7,0,1,6.023274942437714,7,1
2.63735317445744,49.888888943766226,90.351050150293,15,1,4,6.413562482101252,7,1
8.756070589121656,47.903726407273716,71.29984263891409,17,1,3,4.30734577842588,6,1
9.515039159202695,83.55879459911773,74.1220156640121,3,1,1,6.979092533383629,9,1
4.359783846517777,89.0671197914167,95.76377210133003,5,1,4,4.7399109464517535,9,0
3.436702058291984,52.81068197864032,97.85826052601621,11,0,1,6.40582196013011,7,1
6.795995889151142,70.35116157710974,95.70232909945898,8,1,4,6.104258727952506,9,0
4.678607539882868,90.44218168067201,76.77791975829254,14,1,3,8.63704050055902,3,0
1.2284772009431038,83.96809268597504,91.21462012027527,15,1,2,8.819023069796387,3,1
2.4053733762957132,72.5342323295109,79.05342933204395,11,1,2,4.920477294334528,1,0
7.443750059626578,75.42086142752638,79.9015940858441,13,1,1,6.199307124275357,5,1
6.930315477191362,70.5016328149768,68.18720436229135,12,1,3,6.24011896619099,4,1
1.2438639325313514,57.85290707912924,83.64521213034067,1,1,2,4.90846266361651,2,1
2.997749457396545,73.90131957154097,67.44543591013392,2,1,4,8.790721030307143,9,1
3.0796731692926427,81.33311812300545,73.26258796268775,9,0,2,8.24336997001254,3,1
7.047034692388555,92.39937495164847,94.20120806479741,8,0,1,5.142290717782208,8,0
1.1773948397892773,78.1774812387549,68.2830323684342,19,1,1,6.2003314515627945,6,1
1.9369772378611647,85.66729222258948,62.84633140693731,7,0,3,4.634830149139085,5,1
8.199244768358703,49.60429809727438,62.76030370451265,9,0,1,7.769239582558264,1,1
2.6069019584890025,67.6934484651874,97.63138082012432,18,1,2,4.728231547291718,4,1
6.874714970666872,40.559897189625595,80.2768175184734,2,1,2,9.915605011749506,3,1
3.1436450294205387,54.80073187129738,76.37648287268073,4,1,2,8.684092448127174,1,1
1.8949725348341064,83.5877029067803,92.43514324031673,2,0,2,6.34143129750397,5,1
3.1885497189950867,99.5085970809618,93.43303711642065,15,0,3,7.471383593676126,6,0
7.500402386700932,45.95068597523296,73.28764132462419,16,0,4,9.468050897298452,2,1
8.701268212956572,64.0896589516773,87.74472229895181,14,1,4,7.324595682374957,3,1
8.471978781102925,88.00425812194956,90.84491263407546,2,1,3,5.046990918387731,6,0
4.5746517665660935,52.24213807773393,86.18602747463818,11,1,1,6.272220133486956,4,1
7.012766229135815,73.30509695813717,66.06380299200397,8,0,4,9.058869190178473,9,1
2.844858658742389,83.98427776178049,95.03532334068228,11,1,1,7.8652780959377075,5,1
3.6383295723491194,76.95912701561073,81.56378210944035,14,1,4,7.904346306002802,4,0
9.067022366690077,51.28148407692497,71.29889705480015,1,1,1,9.200928914130934,2,1
1.1170173115966242,61.323074121144366,77.00912741750776,17,1,3,9.363838344775028,6,0
1.7695767776902127,87.02750706912383,61.502843615956294,19,1,2,9.518755430676617,2,1
2.870976296314246,73.253590847921,65.11467204889671,11,0,1,4.569095159518937,7,0
1.2387898348643773,40.313776812574766,90.62187002063443,3,0,2,7.264756011778605,3,1
2.632918915808176,85.65944560168563,60.00046539021464,15,1,1,8.443057127309912,9,1
6.247374048727229,42.118681296414344,76.66263313929169,15,0,1,8.541561070762082,5,1
4.792820955332481,84.74402696387392,80.90040724342353,0,0,1,7.640297211820023,8,0
9.034045399692774,52.14883360991425,62.185376800038895,1,0,1,5.0007240111020455,6,1
8.356992055645968,97.48440880716282,98.92312651889331,2,0,1,8.784523323649985,8,1
4.076356165280884,62.07644507812507,69.04501324998688,19,1,2,8.320668001089675,3,1
3.3348109008816325,59.615896980284745,72.16794878545123,16,1,1,4.516814629294218,3,1
4.417231673505402,48.93328301994668,72.1577004902011,19,1,2,6.7828589480462576,5,1
6.31265448263327,58.33625292941289,69.216666484694,0,1,3,5.043864397130822,3,1
3.4125727674058863,92.59904570969204,60.058952883452456,19,1,4,6.024862274277831,8,0
6.617340170642207,99.78006025763483,89.17379176351986,5,1,1,4.108486553234113,8,0
4.684704869721164,62.098571830410904,98.67381999197141,14,1,4,6.40197921046455,2,1
5.968424627667822,66.91663785727255,68.9717393314018,13,1,2,7.299261526937263,4,0
4.92513876221785,83.32425629216422,86.5218876721369,19,0,3,7.717495556962521,1,1
3.650191835877259,93.17174682790447,89.67585307834861,14,1,3,7.980942070772261,4,1
9.53607976265941,75.58266005120706,93.937015163621,13,1,3,9.01774787861476,4,1
7.872452147437848,63.491541890669765,76.90516788054437,4,1,4,5.29277744365438,9,0
2.261018581898073,64.75731045091743,72.11723622561718,5,1,2,4.722890934630808,3,0
8.816211783081215,81.73708878980841,73.01180536092124,16,1,1,9.109223031387554,2,1
5.386880784245623,40.19309581625672,88.50485332394051,10,1,1,4.9396768893558995,9,1
9.050970042046822,77.17536024759045,92.67117866022545,15,0,2,9.84856048801717,9,1
8.198697303525837,61.329580626481444,67.26455871026411,11,1,4,9.055229376391821,1,0
4.8269215402231005,87.65183987662505,74.8376403263106,14,1,1,7.005259635337595,6,0
1.2022237748810567,45.57943838938793,96.077607869966,3,1,2,9.88852854953215,8,0
3.4180962344645147,75.29213601690343,92.26774078778956,17,0,1,4.584260374648025,3,1
5.874707931947802,68.85837339316743,99.39433611049904,2,1,3,5.81839456705061,9,0
6.701303978435325,78.53953155431364,90.16993038728323,7,1,1,7.829346490243669,2,0
3.3209891688988207,43.8912156689781,75.72780804111689,2,0,4,6.1000412108390725,6,0
2.254204666655417,74.79902724568788,83.62551335978551,7,1,2,9.570235311884751,1,1
8.514372131193692,73.68907527757142,86.44057016989281,17,0,4,4.393756529066906,7,1
9.85961962633197,73.63960566497025,63.138232652684955,9,1,2,7.296470992365787,3,1
5.731211640724172,76.20925999578729,81.7798783641546,19,1,3,7.545197604370687,7,0
2.5451135726347314,80.58807623358173,88.37283313890438,16,1,2,7.9163687426633444,4,1
3.4507659386743206,88.29933998084618,66.69285216004242,7,0,1,5.533997339990886,9,1
1.1655160889272005,56.18924320769286,91.22526869702229,10,1,1,6.187398565119187,5,0
9.228689259044492,89.50296461080373,83.35091122056447,4,0,3,9.062083177989866,3,0
2.05975974601127,69.89534093580721,98.08887142790378,12,0,2,5.169656613820959,8,1
6.188648279628282,44.62349674805987,61.69689192827567,4,0,3,8.961207083040172,6,0
3.466496986184854,43.51305575463875,70.61304550221868,12,0,1,7.375932537416454,2,0
5.9876020226421405,60.05429912176365,84.06215517199297,5,1,4,8.573125067164494,3,1
6.862783495166778,87.09381862668806,71.86239648823722,4,0,3,8.281644197580828,8,1
8.467676233364815,82.46085608445495,88.57696656284969,8,1,4,5.245068972309274,7,1
2.8577914458454288,87.31689788034438,90.36021130087724,15,1,4,7.412876418603237,6,1
1.0989624579263242,71.03614338649656,64.10063856265897,1,1,2,9.206338916830553,1,1
2.2319706706192655,66.41193987732943,80.55417856827071,0,1,3,6.592697420811576,9,1
9.100167776632945,48.84715160237704,80.35562222364223,7,1,4,9.799544621339901,3,0
8.865010698062637,59.69156521655869,74.77123080862164,18,1,4,6.713290600610309,5,1
6.376717919532775,66.04116197043251,97.31699450278688,10,0,2,4.856713820007308,7,0
6.40465174390288,45.31602578077703,93.10025279492885,11,1,2,6.336608080466039,7,1
6.9853300709163,53.236717162672676,87.88837527638547,11,0,1,9.710214438343222,3,1
2.5783415076110465,75.89351764382434,88.5730654293999,6,0,4,5.918325096039125,4,1
9.229707513324637,84.1397868543514,78.46864575252476,12,0,1,9.208588959202377,7,1
4.768934724028658,99.90085068357698,96.83978084386302,7,1,4,9.287504090091339,8,1
4.448246754245477,95.98679988061346,87.78381709013141,8,0,1,6.101119145991767,2,1
5.670259347545538,78.5539119721115,89.15924246623266,6,1,2,4.499545948303792,9,1
1.4226937009754954,65.27488319764433,94.4676361514938,14,0,3,8.34734745495291,7,1
2.4965503188047147,78.17064188249395,70.96286357368764,1,1,2,5.869073794083916,8,1
7.642302547837334,87.13909708481393,92.28283615466812,19,0,1,8.697541685545435,6,1
1.7451880113261382,47.10017145540324,67.80962411825968,11,0,1,6.655929089562599,6,1
6.428368985197494,64.59429338177729,73.81367808979552,0,1,3,6.91160045405573,9,1
3.2081419871318886,90.38813713813704,73.4244181707937,7,0,4,8.667456440491222,4,0
4.503660526377789,63.02997711598264,99.14101873556562,4,1,1,6.294179986369768,5,1
3.598243630936299,74.31233627363119,94.26148894991707,14,1,1,6.658764071937487,9,1
4.201054448184542,75.26616165173189,88.04679446361038,0,0,1,6.257142812617733,1,1
7.471413146658209,51.06857518801836,89.0822704646156,0,1,3,6.20404309166368,4,1
3.6740954406085753,61.734126499137304,82.48291177610284,9,0,2,7.155679461408757,7,1
6.097641762672074,60.07067732451593,97.88362668434075,9,1,1,8.852796667006904,9,0
5.284453619791897,41.571802511923885,79.85035011529446,14,0,3,6.170609871535396,6,0
6.973040488263833,41.45150583348131,75.22070839479578,16,1,1,7.14552832322642,8,1
9.431467653922821,89.9018226205464,66.52141347726364,5,0,4,8.024363952655605,9,0
7.593148874892252,56.38424859836874,91.44822609044232,2,1,3,5.61663667782193,4,1
2.934463407316811,71.08472597432893,89.37775728302366,12,1,1,5.665136829414355,1,1
1.2806482155515622,57.92353441532639,75.3742015409654,15,1,3,9.600478762140728,8,1
3.360376398698426,96.44075470692043,61.007736558369174,7,1,1,8.341207439986531,2,1
6.355701376302293,55.55780553194643,93.55989310872043,14,1,2,7.463120057339854,1,0
1.462832321358253,65.7794087643361,60.45671933816295,16,1,1,7.886320326523672,7,1
5.467296224811127,92.36381502907611,88.14799118516204,16,0,3,4.17579665862051,9,1
6.371585640252003,90.51601400750852,98.81028438904228,12,0,4,7.708617793370181,9,1
4.008195017352648,51.16608507077664,77.50645312592815,16,0,4,7.057053239345212,3,0
7.938209833712397,88.15859858774263,69.39893619983812,5,1,4,7.274498078676614,6,1
1.9593842782039461,67.49121320427356,88.19484040173526,16,1,1,6.156542960984902,7,0
1.6762400356222789,68.97813232512131,92.6851256806234,15,1,2,4.488843386277651,9,1
7.55369880583243,48.00879834495663,81.8572126431139,13,0,1,5.160035401672313,2,0
5.459421845855786,44.836090825427476,98.68141101024585,12,1,4,9.70446827927603,8,0
7.195621567849624,83.6763584184259,62.06674886631844,5,0,3,6.452197373625603,7,0
4.913446047433716,69.78766914131799,80.19182393218112,2,1,4,6.800098934985185,4,1
3.2176182991519613,66.21104215691076,88.738157892902,13,1,3,4.316258739120634,2,1
8.371920859067798,83.7704937191438,94.50561884596715,13,1,2,4.225397377263883,8,1
8.194742910720812,85.93077393946658,67.1702244763116,14,1,3,8.303088682280546,5,1
7.252268237689841,49.53449006016122,92.00013927054727,7,1,1,7.228567984726668,6,1
3.449306235069664,76.61350896865848,82.10828302874181,14,0,1,7.0522359052976,7,1
6.312076001821784,48.12124493666113,75.86214727959853,12,1,1,5.458747182536012,1,1
4.248765072460241,85.08250516174274,65.26860114316375,16,0,3,8.468504389779532,8,0
1.8242386599397074,79.41730937602837,94.6118303563565,2,1,1,5.009419474650951,4,1
9.255822179160186,97.39687726500748,66.29092832718861,5,1,1,5.13960846196612,9,1
2.2313676782706526,44.13748098138527,72.39151436836397,4,0,1,6.764273028089653,1,1
9.552136184387223,43.423283269075256,71.60182127849748,16,0,2,5.717679172671645,2,1
5.014051956621602,56.93122448159201,94.85656136763417,1,1,3,5.484777887398878,6,0
