age,monthly_charges,tenure_months,support_tickets,satisfaction_score,churned
45.960569836134795,104.98388591465005,30,6,2.668561851833586,0
38.340828385945784,93.11584207281922,3,3,3.4346490326473216,0
47.77226245720831,71.49075924800435,14,2,2.9753510636625378,0
58.2763582768963,53.82658055736066,60,3,1.5490620823097794,0
37.19015950331997,87.45558284033974,45,1,2.573102010787294,1
37.19035651660983,79.83713463554373,34,1,4.567449477402829,0
58.9505537860887,92.3798305006933,45,4,5.405952982465934,1
49.20921674983491,85.87929504204924,61,0,4.2815300529424265,0
34.366307368780575,96.23881788298338,16,6,5.352437313190896,0
46.51072052303158,56.6191197109858,66,2,3.60246633216195,0
34.43898768625046,102.93485164085814,40,3,5.590851301643047,0
34.411242957156915,74.93999011730999,17,2,5.965386128394297,0
42.90354725879241,121.88152181563163,34,0,1.4198366023565745,1
17.040637064106427,52.7703045477608,16,1,3.765791968559399,0
19.300986009843605,113.39909507913123,60,4,3.6037162269050507,1
33.25254964910833,74.9477695865662,66,3,2.9910754212990813,0
27.846026555986914,53.71454990963879,66,3,4.090298645781664,1
43.77096799114329,57.902854148641964,13,5,3.5493500823702524,0
29.103711093745467,61.991317295142,56,1,2.617461295529548,1
23.052355583976503,80.60414866004791,31,4,3.468073873955622,0
57.587785227058646,83.07088720088748,34,1,4.945513495242068,1
37.29068439416157,55.65749990153552,39,1,3.7190457162592105,1
40.81033845625509,69.39113519347544,67,1,4.252345697907359,0
22.903021765438517,123.5567589652966,8,0,3.1675362796650903,0
33.467407305697805,113.18857925251778,55,1,4.042476812181937,0
41.33107107651839,80.9080917418508,27,4,2.0489425634201845,1
26.188077070932366,70.950086954205,53,2,2.900335400696249,0
44.508376220148065,73.00078316795653,39,1,3.3767976697208866,0
32.79233572097434,85.33794931826041,65,1,1.9683968952481548,0
36.49967500248068,44.430185870039864,17,1,2.5037399373292732,0
32.77952065324724,63.56558656441637,30,2,3.87573412228867,1
62.22733821410725,28.285398153060264,53,2,3.655798299545639,0
39.83803330314479,79.98057806513198,13,0,4.467638509589251,0
27.307468852529198,86.17989849256853,21,2,2.779386778177803,1
49.870538945238266,57.92033844251565,19,1,3.56912267120629,0
25.349876200347733,109.34966908225081,53,2,2.6937591069394062,0
42.50636314005706,39.355858424941474,19,2,4.347354258931191,0
16.483958513442694,33.390627994754496,57,0,4.928895339230297,0
24.061767413218835,75.6112954639993,25,2,4.079989792703363,0
42.36233483042948,96.17745756530387,31,0,4.773433131531899,1
48.86159895994493,112.09819228644672,55,3,3.538999835465434,0
42.05641937427965,58.5278934282765,23,4,4.466712601994211,0
38.612220611341115,96.96702083578239,32,4,3.5905012911349523,0
36.386755652928535,69.03728826248232,62,3,2.2700863200970787,0
22.257736115590873,65.68431750147951,10,3,3.7960656664383277,1
31.3618694992635,92.0914984371668,54,2,2.3056439674513887,0
34.47233474848255,86.3080719603355,52,0,6.306954741882692,0
52.68546671462699,30.590196075393763,20,2,3.0990942094695986,0
44.12341947482154,106.91350874314739,32,3,4.274045426538796,0
18.843518135647194,104.5022838536863,14,1,3.4851041365692863,0
43.88900763273754,54.360932462261765,50,2,2.019663891156913,0
35.3790126350042,79.89508833593523,28,1,1.2217723639225144,0
31.876935996328495,82.35075465706848,53,1,4.398816746088957,1
47.34011546609042,76.51684414559767,24,2,5.359209112125272,0
52.371994269951415,56.2423711538645,22,3,2.6182355513475697,1
51.175361429394385,53.209415801548715,30,2,1.5119689765284918,1
29.929389721328338,69.36114822521387,63,0,3.1098047210940503,0
36.28945148978543,99.31822548148412,4,3,2.37545954571352,0
43.97516117684277,83.5900038648608,59,2,2.7196211841654883,0
51.70654152546831,60.73464169784735,8,2,4.232448439670343,0
34.24990914585652,89.29246776620862,12,0,3.439444343116594,1
37.772092280034194,-1.2135655157518812,31,4,2.504590929341579,0
26.72398031192766,98.71914250930259,34,2,4.2062009435134335,0
25.64552051103195,26.507155530547507,49,2,4.300246814090949,0
49.750309868730376,60.938976464921694,57,1,3.09553101674645,0
56.274880342849876,42.008252634346405,26,2,3.665499825101672,0
39.13587854103599,37.63296310697736,18,2,4.124602259692369,1
52.04239477470429,99.02066968446299,38,2,4.011323757180077,0
44.33963230057161,58.307469967202714,50,4,3.5487369043586394,1
32.25856294473851,78.6625970432679,8,0,5.219103341870356,0
44.336747266100964,68.8269855280204,41,1,4.1992169756182225,0
58.45643879759163,81.92602068057803,6,4,2.959185180202721,0
39.57008753068058,71.92054727650638,69,0,2.9663971187613143,0
58.77572386976807,37.92519439528576,44,0,2.8302963798359917,0
8.56305875092307,94.9066704861785,64,3,4.258545136673374,1
49.86283005250269,57.65608542096719,29,0,2.752702927997712,1
41.044564818858056,31.08545253350622,28,1,2.990121092956632,0
36.41191179440959,59.29712097585219,11,0,4.769626865738975,0
41.101129318426025,107.51899476585777,65,1,3.7299583544808668,0
16.149173024789285,91.25554355283732,19,2,4.938239152545425,1
37.36393734594986,61.28369663980352,9,2,4.457671848022811,0
44.28535085814096,61.268557392039284,27,1,2.087993805115924,1
57.73472853689819,61.95912371956543,34,2,3.3774403301111584,0
33.78075738071623,121.91869958902103,44,3,4.687938847962251,0
30.29807676528175,79.54838630578884,68,0,2.0333887218187856,1
33.97891547698556,80.75104117977673,15,3,4.003652984430412,0
50.98482541242489,95.75708635079606,51,1,3.4529162315615074,0
43.94501331591621,75.96972897566283,13,4,1.3942535094531356,0
33.64287755479553,63.52394635448242,49,5,3.64359116542272,0
46.15920919736027,65.09125377287555,70,1,2.4950383806481606,0
41.16493059217648,68.2099685146484,56,1,2.098817861460289,0
51.623739886394674,69.06944408725396,51,4,3.5109688109871593,1
31.57536287347177,88.1907385909245,37,1,1.1829764728963919,0
36.06805424082678,71.29864714518249,17,1,2.6908516488981413,1
35.29470216241411,88.31600193038948,58,3,6.561409103003177,0
22.437820622414577,67.98208549728544,29,2,4.2802668720883315,0
43.55344332477491,71.96587975790227,33,0,2.442290112599176,0
43.13266326615867,20.044982886697312,60,1,5.1849991281204755,0
40.06136147970953,92.90819186756204,55,2,2.3095477270674394,0
37.18495439949824,78.66221189744982,10,1,2.835565816237433,1
23.01555109539503,94.9502527464913,47,4,2.1213783080848545,0
34.95225612681569,-2.4063844548422253,23,3,3.807295854399225,0
35.887425801678766,122.20936761951819,21,0,5.142355546516554,0
30.372672769340575,66.51025929612065,13,2,2.3011925209281725,1
38.06457146000789,97.70457041843791,33,4,1.0274683551090935,1
44.84861028177446,44.00235182186173,24,2,4.809160009423303,0
62.63423081452636,85.31934762656424,11,1,5.364560601305216,0
42.09493375398207,43.664610920658596,17,2,1.1059034403023205,0
43.090604688673174,54.40577598260487,68,2,4.0520652097357335,0
39.106649010805995,117.85078384666966,47,2,3.7718064225383463,0
16.9747454164115,65.23293998091634,25,1,2.5550296341346943,0
39.6818334946094,75.43582182949308,21,0,1.8267731999969206,0
40.72276251929232,91.75169326721885,12,3,4.690100414535867,0
69.55890534982343,82.39204719931512,37,6,3.714884637748634,0
37.69166842262653,73.76047262858941,42,1,3.805311748912065,1
43.61856810800335,79.12402506165563,17,2,2.753876776600159,1
39.58345876353708,130.08538963095688,48,2,2.537708954660051,0
25.975863548565616,68.55953007416036,28,2,0.5540317504712644,0
53.71387377418024,75.02747616787418,41,2,3.226366364258145,0
49.02319639224129,96.2663599001903,47,2,5.226591655345067,0
49.49238336451656,97.6381483239496,18,1,2.4316946959416157,1
29.087350542463135,99.6757576390095,71,4,1.6731023668799123,0
56.833531731233194,85.96825555072962,13,3,4.0227974797484025,1
23.177787246492628,41.42487718173791,13,0,4.244095998135603,1
47.04228512560324,110.8357883075274,31,2,2.796912847182589,0
66.28546750971975,41.3413651745328,2,2,3.08148264236043,0
28.113564098431738,77.56588663097583,16,3,3.8166837406625103,0
33.204427244766734,51.14310374951605,9,1,3.313340637644808,0
41.19581638105169,68.39654133517519,38,2,4.700155202904778,0
33.95829215060561,78.21906025758702,54,0,6.424691091109063,0
21.392038827206406,78.03393038625683,56,3,1.4490037337714532,1
40.82275569767233,80.54801885588212,45,3,4.975706156669577,0
27.25235543528674,110.34278172646617,34,2,3.6263116412280008,0
45.68310916762218,81.33835753784949,9,0,5.1658411266249935,0
28.96690918919436,63.896084117733785,8,3,4.369225413518815,0
58.59921286021047,94.10217920720893,7,2,3.573387751922854,0
30.600960491965154,99.73676222311602,36,4,4.41202753092924,1
36.13526180553189,39.30980462157519,18,1,3.027013074578243,0
49.76220660843604,84.93500174624646,3,3,2.5708382934741745,0
25.229628202792536,87.52931855777246,28,2,4.473035738718019,0
42.72951921524955,62.5609124160002,70,4,2.486805861452595,0
55.685713051389136,104.39267033279049,44,0,4.270847109969882,1
20.71020118526527,66.24861032418683,21,2,3.536897099704998,0
42.21560630238765,73.13941133678856,28,1,0.7046700186529091,1
43.11859353098108,65.67320439290326,54,1,2.8107410594444726,0
49.381874461327726,70.3894761895367,54,1,3.901805834029546,0
25.156591469463017,42.59312282761995,65,0,3.012799203309809,0
24.154520642988686,33.99872793514264,21,1,0.44392146588537784,0
46.263298787402775,109.86262658062431,13,2,5.084900153391392,0
43.56381607879823,48.825966292041805,57,3,3.7032500615259334,1
43.00591420415052,45.21519126359232,49,5,4.032487149523766,0
44.15737851396371,16.165247159907132,54,3,2.9320686173861077,0
31.83970334105811,54.02595630776244,10,2,4.13778762577599,0
42.78704436593204,36.92275516481254,53,4,5.701784173504043,0
43.516869679584175,111.05037900340923,44,3,2.617912419647171,0
31.427782983683585,95.24542723356585,47,2,5.500415246428485,0
62.38929413373708,52.796241370556906,53,1,3.9782768790704086,0
45.68599505094145,126.31089513360772,46,1,2.4566807023557637,0
25.704358033568216,94.54413717478985,13,4,6.15486876510921,0
47.878643303605955,61.87921541228444,37,5,3.969968287866719,0
28.303819957272143,7.514857128160671,24,1,4.311774402527649,0
49.44501524490943,127.27356431476855,2,3,3.1767774743278907,0
53.903146948088846,35.2606883309101,14,2,2.544408025604579,1
30.151812179779476,28.865031326077705,10,1,3.701375893610947,0
51.56051355093186,95.564260800241,35,2,5.397756468179994,0
44.95337112323798,130.99381015848184,25,1,3.1284082253771732,0
49.86472191993388,104.60682046276295,3,2,3.4678985053110343,0
62.76151579184737,84.097728001309,17,1,5.247594166375502,1
37.05534260796556,84.86885854163215,12,0,3.139607785034911,0
30.955166027710124,91.33538896950769,54,2,4.112331573402945,1
29.32582684449372,88.97321474466912,24,1,4.552820608087637,1
30.210276580414742,77.0297855992344,29,2,3.2638628613476204,0
39.07477948703075,72.60502759879691,43,3,3.8718051118399073,0
44.09382369779973,68.43517180251195,25,0,4.2933233332174074,0
43.320289591960226,51.15088527833309,60,0,3.0189017677470478,0
49.92619898843229,62.98312307833065,65,2,4.4789181979879915,0
40.156022702534884,27.676079645115365,28,1,2.8436166998534733,0
57.442408925887804,67.54150933013125,16,2,2.689894905247411,0
36.82411800114453,45.28522232122707,47,3,1.6675507270154517,0
72.64202999907542,42.41026706960572,58,2,2.89584518731873,0
47.50800817318007,74.49735377883697,27,3,2.521396757755735,1
29.71410932300461,104.80005715861498,53,3,3.018951252494031,0
27.14929002326665,92.95791515005783,42,3,4.234391158297386,1
45.78966898291822,30.737484909420573,59,2,1.4291908959498767,0
37.31844657608979,45.259296585741566,47,0,1.1303949264954705,0
48.568005929105105,93.5192796997054,34,2,2.6011049400184607,0
45.67885149488254,45.43781516154226,37,2,4.053476592303989,0
39.12605304811753,64.38417125007439,6,2,3.846637936423624,0
29.83847538317914,83.7513024756138,7,3,2.581925200506889,0
21.821833303769623,45.791388628409116,25,1,4.903289878587755,1
34.641820575195744,72.634387653649,33,2,2.709908077857991,0
50.27678553188167,36.64936262704489,55,0,4.054944783352552,0
42.56912492956245,54.96580890121966,58,0,3.0646564069589934,1
25.051134655456146,77.99454835356343,7,2,2.4574683788076133,1
42.078171110214186,30.175156661708264,57,3,2.7739198542623122,0
44.62380855674604,81.01186844900997,12,1,4.3808004617762695,0
29.393710765586405,69.50905502683297,16,1,3.9332301741713063,1
41.84470127134634,83.8122488604287,43,4,4.661723196531851,0
40.698504621352,75.59785335161654,7,1,3.9331832990444977,0
26.284356426032524,104.1035107493461,51,2,1.566596644190937,0
44.2934483241794,73.13061256619768,32,0,6.037297801170552,1
46.72941431641881,59.26486147186868,8,4,3.9502028168701626,0
52.996614918103326,73.0574375758071,45,3,4.117605865265876,1
52.645624624418836,83.5824507259097,59,2,3.0477947846041276,0
23.46796758451491,71.22150175814261,4,2,4.83581395196085,1
28.74609952101853,71.01479228009705,67,3,2.188270927279854,0
46.18042320650392,52.450207804831116,29,3,4.2317948931961915,0
46.1654314109465,53.4274770612263,29,1,1.0044400613035527,1
46.18057223567257,34.93486820500766,28,3,4.31265022562022,0
86.23277788785666,113.73941857967348,44,3,2.2045395060326847,0
46.850686128318,38.90341911521787,4,0,3.8323934245125506,0
53.62678768216719,52.677370055102315,9,4,5.128808560095409,0
51.448021161918426,52.03981836077006,5,4,4.487260849400527,0
47.81669501566957,92.37310942361103,56,2,4.969258004141073,0
36.216769064315855,62.626258042699305,50,2,4.84501813237737,0
49.10763064591921,101.19355181684335,15,2,2.8708607085081455,0
30.72609742554914,53.162734393903285,32,0,4.217996208569425,0
37.15817671911989,76.97485405559505,28,2,1.4300997248698284,0
34.175637426050756,49.11632366850607,22,2,2.675676298466899,1
40.98248967263587,123.62872819433471,17,3,5.171185865940862,0
67.77590280008211,40.31003952426218,59,0,3.037955837088535,0
17.592817688899025,77.74551775567569,71,1,1.2583977359951075,1
48.23512228449416,85.84442202330246,57,3,5.916438700797629,0
20.64740954572418,80.34497743628745,26,3,4.174700339803664,1
34.3368176105268,65.3678085280573,25,4,4.417373864366948,1
53.067407163608394,66.75448250666435,10,0,2.323436558093723,1
40.77136022914555,71.09528679947773,45,3,3.8408678846358444,0
27.067062664848326,66.32494995928778,11,1,3.8090899650670336,1
31.41635548888038,94.09697791987274,53,2,2.51421817205159,1
48.15517298721611,125.26307503978379,68,5,3.2962163773722097,0
31.23560041939436,56.06270537480416,28,0,1.699438744660379,0
42.5975030749837,35.75492551052305,65,1,3.083948560548798,0
40.54686207884576,67.79294879121863,49,3,4.668615508711783,0
32.1807958287302,134.49273344135798,47,3,2.603782089209498,0
65.72732907190391,49.90813580075673,52,1,5.788757403711864,0
47.60702826781613,110.97792013610169,54,0,1.7766901849579322,0
15.698288960108712,111.94252035191101,60,3,3.187789580245287,0
42.23745177723313,56.160293957300134,57,3,2.7122840436630495,0
32.058562422779346,84.22457697963188,47,0,3.283783002352557,0
50.22920001755469,110.70991557821345,31,2,5.145769738569107,1
30.48975113880759,60.52180647531282,46,0,2.3186534042430837,0
38.62316270239721,64.91049099744096,26,4,2.958475362884564,0
46.05984734776548,55.457977151283906,5,0,4.285406903267767,0
50.389062330041455,44.631081732678325,52,2,3.611790535901183,0
25.596443115330686,53.76806137334982,54,1,3.7102099391708037,1
35.985985169908616,39.40149333094359,33,0,2.341668392480531,1
34.30065626606853,70.85208670648065,50,1,3.4140998340770032,0
32.160049209115456,50.750669223533954,38,2,4.857894141847428,1
61.185450883373164,75.84464779476869,27,5,1.568574820302825,0
44.85978053153147,31.10260884490932,15,1,2.663229019161167,0
24.86939254797946,78.27200580536143,61,3,1.3213500445695963,0
51.014343364657314,90.83822404022311,21,1,4.14437083633249,1
65.4658743641516,20.156608935713614,46,5,4.970564654377363,0
52.38958312661376,79.35141424618931,69,2,3.2799080152495486,0
21.767560408551837,100.6917248118323,6,0,2.2933759825816438,1
34.189191125604985,39.75897453271986,38,1,2.328504258254558,0
55.20293379023947,111.81430967094258,62,2,3.143531350552709,0
31.507966412574632,80.47547523415113,62,0,3.13895354553017,1
45.32583313775474,52.37470360603978,46,1,4.594198134216045,0
49.29560864115204,68.60577305855735,13,3,2.6973487586683844,0
28.876834341063002,83.95817281304306,3,0,4.022094005823032,0
39.2856957272584,71.90013478531029,6,0,3.133435964902558,0
1.1047919191711273,83.46889981115923,8,2,2.606291653712195,0
27.70734830398852,46.98316017301585,44,2,3.1035487239908273,0
36.96918218328208,74.23402060090194,33,2,3.903846058245176,0
25.026601816421806,34.657137577375494,50,4,4.597920067858043,0
59.588935647179625,67.2193484662825,11,3,3.1976321754098125,1
22.838303464472407,47.40230896338026,28,1,2.0552742430426765,1
34.7194661596362,51.61175143525584,70,3,4.699657763918529,0
41.5688869274331,100.90232938026094,41,1,2.422196740217463,0
57.29527946879338,97.28275301485672,16,3,3.812987801213039,1
22.769654185846726,85.22845302267942,68,3,3.470200798755495,0
53.957965025859515,42.69218088318553,48,2,3.3097158891845373,0
40.122796732235045,62.089788757629954,56,3,2.915628439774392,1
28.22189618742459,100.32744249947959,64,2,4.2441785364985565,1
45.54524169115925,73.54292284099762,59,3,-0.7984751289850127,1
42.38871634688164,127.98323849954235,62,1,4.863764610040445,1
32.79739747409447,79.8329459848593,11,3,2.404990670727158,0
40.83762501988023,74.8012279122508,18,2,3.9895482917007774,0
35.37623683765888,62.27208839493746,19,4,3.9260307415219144,0
41.362208143014975,73.33852261955705,55,3,5.029972858424982,0
47.94556809425256,66.1882540904864,26,1,3.737298962645683,0
59.03220179374422,87.70271691721476,6,1,2.5050689832391457,1
25.146214014077813,93.9175579198646,4,2,1.5742940145068376,1
65.5964004958752,50.35026348730126,29,4,3.0814362141524305,0
16.57494640572998,36.71917616105555,59,2,1.1501894853403853,1
38.178578859573,24.094865672417583,17,3,2.7458171524270933,1
47.05980647781492,82.6997831728136,43,1,3.1488432556037536,0
43.37190241282039,42.41583484565316,66,2,2.6721008263652903,0
32.527605762152874,16.17773517618793,34,4,3.5501283888378947,0
37.5025329957127,79.7144651132741,8,4,3.2166751868969508,0
34.083988784094004,132.32498793581976,13,1,3.106776150405462,0
32.92762291666946,69.84822721150266,8,3,0.591019259555233,0
50.19522516425229,90.96226936129105,65,0,1.946353783177341,0
44.284185831580565,72.04573396368913,43,2,4.271188078225851,0
31.68508485687215,67.52775867022143,39,5,4.465107527536933,1
50.79519850519901,92.97691207469421,59,1,1.2934679384252052,0
43.68759425051931,62.74313639528371,44,2,2.522338182519042,1
49.75434542606752,76.68480785179757,9,2,4.786358441118953,0
47.555546103083344,78.04244515490034,37,0,2.638353423913821,0
30.05205986893513,53.29773865892378,36,3,3.3662110554498654,1
33.27782751763637,94.80105873841308,28,1,5.230166394819089,0
48.967523261479144,65.62600608261478,42,4,3.0661072262679276,0
47.32444318520158,51.10637101267888,43,5,2.894336707775461,1
39.74918087243022,83.41274608926008,42,3,3.3115559712888443,0
41.407928599705386,47.53830045522407,66,2,5.724092957479794,0
55.3319787494611,70.70452893422821,55,0,4.035442203547376,0
32.90114333397004,69.77202508389492,48,3,3.5228979533357214,1
46.565168574040456,97.14738914578945,22,1,2.8707680531821,0
37.57368817079327,81.86745582199882,27,1,4.146580313817347,0
37.38782556127336,69.3743260313714,67,1,4.291639723916958,0
53.185322223846285,90.44415748000718,13,1,2.2121857886294363,0
49.904996187856355,104.75518872543283,45,2,4.323953830335392,1
49.762115632007664,83.94525765879655,10,2,3.3186172560518834,0
55.665745685851945,70.25881549608451,9,1,3.529758361554328,0
40.25204609959311,37.204094191246014,54,0,2.4388531964140183,0
48.18343565553957,43.372158423115685,27,5,3.0200215666053083,1
36.27679892087853,62.36938239113331,34,0,2.2638292817326056,0
43.8899962298613,54.76219494601792,1,0,2.206138195860439,1
38.438283347587785,65.32571742536385,32,1,3.9525082645121357,1
41.16395157991262,71.41624812242767,71,1,3.07386012146827,0
47.14188430524296,83.24231885891827,67,3,1.940434796165101,0
30.181351801198332,68.23753054852271,20,1,6.112463176986051,0
65.10864730822553,82.16254109565504,35,0,2.1504139528208763,1
27.927791422003576,71.61186037025301,17,1,4.8105235532232005,0
25.429736646547212,20.613335841153216,18,4,1.728243630053838,0
53.89733048200081,46.51661515453114,45,2,4.047802802201355,1
49.499952327555235,66.39781110695961,53,0,3.1993275576575706,0
47.489437804625865,39.75763142897231,68,3,2.7451319223699144,0
47.54014611117136,84.99821824990511,65,1,3.7360907885188475,0
39.853038725837024,108.26877080859244,1,1,3.574711827595199,0
29.232947542170024,100.46904629243292,58,0,2.525041779581546,1
40.909654698324715,64.6639282267448,26,3,2.4707133430556,0
31.87405946185466,107.2681534212488,20,1,1.611302945606719,0
51.70143680101302,73.71668643005279,10,0,3.8666772612284612,1
38.23531142197434,61.57285072204902,59,2,1.99543420747999,0
30.09403363848986,54.664933411476504,41,3,3.504769947820619,1
36.14336990016408,62.43825783779679,5,1,4.210973580944859,1
44.95517745130749,60.29557953646928,65,5,3.749666038188865,0
33.23530536635231,74.2604055593872,17,3,2.6322424423792903,0
30.133355253202822,74.01434952624662,22,3,4.590574893619962,1
42.924246537902945,70.07615050383536,41,4,3.0104342262784964,0
42.93959885330467,80.92345424365874,68,1,1.8990070891940107,0
33.916681895546446,99.76615686965853,69,2,3.1595269946560665,1
34.347540332580124,93.7388533860331,11,2,4.204156853581671,0
42.784599248291634,32.877550788752416,56,2,2.6907028227078476,1
22.62298790203211,6.1519716274511325,51,2,4.553818897964366,0
23.11043470748134,93.35799778098185,21,3,2.5756087217388193,0
31.378669344970767,35.828032539614476,26,3,2.738944167577367,0
37.438634179457836,64.38086495268291,19,2,2.244705180976097,1
43.73089078717606,40.74717434851601,60,3,4.320451444289635,0
57.70427460339462,24.950489060499507,71,1,3.436108915892957,1
50.29191547842423,83.53656820511969,47,3,2.324285662707231,0
38.080737640438876,88.97887900756618,71,5,3.0245475892626756,0
39.771805505167734,55.58723998183201,26,0,-0.1853811854788332,0
27.969647624346294,5.22394269637725,40,1,4.433566836159972,0
39.77784236809132,56.34388879368793,5,2,3.295104032602031,0
36.53609633295834,79.79510013506366,21,0,0.6125142187881236,0
43.872622724057074,33.02721078064678,4,2,1.7519822704111019,0
30.073228677372125,74.58399799447889,23,0,2.9940871249308763,1
46.23215817089407,69.6172537706751,15,2,1.9229950890741956,0
58.39286695603093,84.4822874900272,8,1,4.45201918842327,1
38.69487821851771,72.98950921035383,41,3,4.002287463189385,0
44.820540665187295,45.67327647796111,19,2,3.9314431322214425,0
48.281727900533355,99.91428754161228,46,5,0.3747836777423541,0
35.185354337369965,66.03676067432575,28,3,2.869449902951727,0
42.689109781725,69.3173865122517,68,1,2.662860259269132,0
40.15110880938154,46.6683010231701,15,1,2.3551346550744947,0
41.17211318258598,58.91794372021224,37,3,3.001789662603546,0
30.723882593734402,47.87993214932747,1,0,2.148514151496725,1
40.29412209110731,65.67634850191442,67,0,3.7582648795402616,0
45.9759794949454,112.79271200355859,24,1,4.419861625205326,1
57.4137232935405,35.702471426716095,27,1,4.316460486108406,0
51.51124991302248,29.66096505308147,40,2,3.334506497946223,0
65.83818949013867,106.77925818734022,63,4,5.899087635600203,0
30.791829245343408,64.76690807120335,61,2,4.8679701374006115,0
50.46784764064814,53.27318153350208,36,6,3.378130155592938,0
42.20010406886022,95.99761718490191,24,1,2.9212733477581803,0
66.27763519861207,54.859611506578396,24,2,5.105632595338305,0
30.300420575738183,115.6502428386734,4,1,4.709096819315279,0
29.923337893830688,86.94814678348172,67,3,1.8074873554109245,0
32.80728825467173,57.80221479635743,34,3,4.802985583074495,0
14.513251308282317,123.93270533163758,57,2,3.314751758331285,0
33.69093973983087,54.85712692491654,49,4,2.46690616328797,1
30.890408061355625,88.55238430023267,53,2,1.124952968911204,1
41.804725437714495,77.4823145101623,23,3,3.1773005663626384,0
44.101071709325915,102.54353223496994,69,2,3.4853268977360896,1
62.514050070590635,109.03777991817131,53,2,5.404793184932261,1
51.405086058232605,70.80010372664417,62,1,4.648680569298423,0
33.077156132051165,51.164553241345416,41,3,2.8005359343487584,0
29.219023943819707,81.4993035734779,57,3,3.967210873063684,1
45.903030058078066,53.05711575619735,60,2,4.4914993072073885,0
24.157201515752295,120.33468118816558,54,0,3.6031488656206587,1
61.977505190252245,73.41338327706843,70,1,2.7954150091625554,0
54.15328144865545,60.866961217197286,57,1,2.8613930525078652,0
34.36989217474354,74.61700764662271,10,5,3.9625676845483424,0
19.442385650909472,36.32184276175759,40,1,3.9955766786300564,0
56.246468489984956,45.70964903723371,7,3,3.1484544610837464,1
38.62552185696858,100.01034769861063,38,2,0.3570173539359929,1
54.853795743681545,53.577643025715105,61,3,1.9513727272504515,0
20.866868094467595,43.82722543295151,3,4,4.243626705934535,0
32.807499724554724,83.41631881318216,51,3,0.9429944031729494,1
40.0629243966182,99.64260386657492,47,3,4.921017219640658,0
40.5637671251769,87.97383276662667,68,2,4.743388713366205,0
34.59921434224908,94.90119214514542,38,3,3.549315658319847,0
47.47419918816998,51.08012278576348,36,2,4.217517241074329,1
27.188554847408867,34.45473333145391,41,2,4.134529614030663,1
38.291446179744476,107.53334129888717,69,5,3.3597522459605447,0
41.443547580542784,61.933004028946606,13,4,1.8513330588937162,0
46.173266008704985,63.72917458862381,58,1,4.660727570074023,1
48.53937853706668,103.20485354622645,50,2,5.188676013660362,0
26.50429489794557,83.9057502350165,30,3,2.0496913709091897,0
21.59062995117253,81.39719430204019,62,2,1.8064939937963607,0
55.33212186278211,124.12505862252709,25,2,3.335843714291191,1
43.9877681437551,53.91204424049643,27,0,2.74853048523626,0
31.018161561321357,93.19600320203094,51,3,3.673939088246551,0
58.613823706270274,71.42532812242712,57,2,4.949592847832464,0
41.3880956115143,76.71480697158142,47,3,0.8051954740730052,0
54.151566208765914,108.21171066031329,39,2,5.397526341942985,0
40.81022177692131,82.69589390724059,16,3,3.011997869747696,0
64.72897509858385,83.45740197624082,22,2,4.114134774380593,0
61.06409010931846,96.81268343274505,54,2,4.242471005725359,0
37.01243021825112,60.876181761427866,21,2,4.382409385037356,0
51.65885141145226,49.01975831652484,16,3,3.574289724835996,0
47.744511395021775,43.87977014947416,59,2,3.854672722144095,1
56.42357869038818,20.841085265599958,31,1,3.8468264607264837,1
28.420918473038746,121.40517824850805,42,1,2.743660639064663,0
48.232617519981275,42.41979085695792,32,3,1.390333770275363,1
52.70109384219505,64.4686594103557,59,0,2.0369770066817665,0
18.89512616292263,63.079667502776985,34,0,3.3749144246023586,1
25.8008978480107,77.68516744522752,9,3,2.555832011724338,0
15.529213866878791,90.39343031348241,11,2,2.558604713132558,0
36.767117986665305,91.51183720899363,10,2,5.659101254823435,0
48.610507069551545,55.42306403577654,17,0,4.530673755991848,0
58.02828462515234,65.82195715533972,68,2,3.1975088409080317,1
40.8891373650373,77.06449876220749,48,1,4.30644193478653,0
59.5433865468555,63.782721845411324,52,2,2.995677673290919,0
23.438782501421304,110.18363940049981,25,3,3.6328681210237956,0
19.559410727738143,82.27437379095628,21,1,4.029954378102699,1
39.33342761324057,88.37194465124543,65,5,2.9988728386737455,0
44.60878538727169,86.57203171668532,63,1,2.677699342955485,0
39.60766302287088,99.33684643713312,51,2,4.968718182162204,1
15.19069479952148,74.52553896759267,36,2,4.236935560637728,0
38.93055952584654,37.579201301103836,66,1,0.7944669460487392,0
24.34636599394176,79.99219879381604,15,3,2.6982368839620676,1
48.03607058596046,53.71607765520427,39,1,2.5624730003667273,0
44.39917895316218,56.78458295625608,70,1,2.7546342934251227,0
28.721442564071737,84.65910046887733,1,1,4.534882746510674,0
33.83359699195968,100.9570767858409,23,1,3.52304716160443,1
27.28943773733258,70.53178941840154,39,4,1.8324443949733453,0
39.24785083272194,77.72082531497409,57,0,3.0401421956496613,1
51.46170784601486,112.55537361588094,34,1,4.150085177139427,1
28.171287443973476,76.0188294872142,41,1,3.2364259813594947,0
46.04855818621413,135.04207785450987,13,1,2.7263888586038103,1
33.63690857953071,84.1377411407886,70,1,3.897463134486234,0
30.48552601285187,25.98093102110456,6,1,5.441830987326893,0
38.715635680545304,88.83354052761331,52,0,4.053709799550223,1
27.57709213096751,79.52895962206944,3,3,5.061129815638038,1
33.35620833583381,102.24381885206864,63,0,2.806862938562116,0
25.625465288933817,86.82953378174896,49,3,3.4899654666511273,0
63.57670159499667,66.53860040040566,47,1,3.4657376185571813,0
40.423162623660744,39.39254409276586,55,6,3.6424149008812297,0
31.60329390408897,64.77441856784937,64,1,4.028623527657099,0
42.56775892881066,48.73698864476749,65,2,2.3972370547342665,0
38.652063403710045,55.48691375488193,67,1,4.276799222616174,0
37.34836480560132,84.71446011051523,15,1,1.5465368732537401,0
47.3700004005211,111.74761260878515,32,4,1.897092004991982,0
49.090092520567666,79.86678824557453,68,1,6.062751321407877,1
33.63398622867367,40.10292344912039,18,2,2.8878551126253487,1
33.09018111226384,81.11506670550352,43,3,4.375423221183443,0
36.699379634180275,99.91578716614129,35,0,5.537948470912347,0
12.376946023172984,54.75542739201545,58,1,0.7226527054658289,0
21.81770725361737,66.64957083317705,33,1,4.851495416186852,0
56.4024912093343,70.36720486822993,14,1,4.2787323275111255,0
59.7396125620154,50.377542172944004,34,3,5.468476737119648,1
37.01156752532346,86.20701084609648,61,1,2.0821722060024475,0
46.918683556669194,66.97629628480546,4,2,5.241505588345535,0
43.73500185452243,80.48831109767569,59,3,2.6127026820767716,0
76.94656970146285,47.812695554947496,29,1,4.765733377131988,0
53.434898937214925,59.06354249191474,6,2,3.456774757094672,0
38.4649889022308,88.05953394569428,49,3,4.424922567722167,1
28.53351471279489,60.67917119770583,40,1,3.558643019966184,0
20.72264415690913,113.17409628083513,65,2,1.292718098975925,0
42.44156363040668,60.00909535963494,69,3,-0.24465282753255613,0
30.92379105658836,75.61711814379714,27,2,3.751898640780189,1
22.93295548482791,93.31477079682725,6,0,3.1835179548423826,0
32.24112538908968,34.54085667667421,13,3,3.9778651417043522,0
27.02142395662726,25.979779700480606,64,2,3.19741584098771,1
60.24569962087078,31.858592135747628,62,2,5.921692859261384,0
50.579677083393406,101.56460258567955,19,0,3.7766445533939654,0
39.90432830420059,56.20354635268883,43,1,2.9636627269008016,0
57.75932966668031,133.9549821417063,20,0,3.9048356796162396,0
40.92841969177142,55.89381003356529,68,1,2.985590243742433,0
29.664589584060835,74.61378257992592,44,1,3.611516280936785,0
58.277488927235886,108.55274881419689,23,2,2.0390237753169984,0
46.46692052421591,120.15232220397807,2,3,3.4896977577684734,0
27.553046148082522,121.53758941590995,22,3,2.9265771247577903,0
37.7159358629967,100.20915576482855,57,2,2.1527160495575846,0
29.492580959382913,95.60156314528656,7,2,5.87088304168717,0
23.40640322842797,84.81317373002958,56,4,2.1995175560718003,1
51.1141305703797,89.45902690416594,67,1,3.508357068130325,0
62.912999685641566,56.22035709178667,16,3,2.5366303580614913,0
23.217189114170306,49.54502791444232,51,3,3.85644736505585,0
46.75563084028685,69.9156385647262,12,4,1.9707378386372991,0
32.192289170538075,65.74538443687679,53,2,4.508428188722661,0
34.15449539482365,58.66929876681812,5,4,5.943387423630609,0
32.89127290913357,87.40968618641789,27,3,2.4925529154791963,0
29.632110763842206,93.88263021426278,12,2,4.960362635217585,0
40.582259535337926,72.21017215729618,17,3,3.041744786725172,1
30.028598603067547,106.93825202638155,6,2,5.306949345291303,0
43.24548190935806,41.45777214666238,5,2,6.126198783315189,0
39.39714268661036,65.15851351800704,57,4,3.2195539859498497,0
37.13262343760309,52.07944198492987,28,4,1.675680702926418,0
29.109236055500826,23.336584573173504,69,1,4.637701264923308,0
33.07874403318001,67.93298285393251,59,1,3.7693006495329393,0
49.06469470990908,66.95631229041791,33,0,4.102149401333169,0
46.01100625149257,107.83624358105328,62,3,3.092185949786762,1
28.269337062417385,85.77029211386943,50,1,2.4386086176071613,1
41.19198766515071,44.39532939176988,19,6,4.892417817160369,0
49.01664548046147,116.35231415835472,69,1,3.883747993467239,0
19.96713662654354,100.52584238813382,66,1,1.7677315589795295,1
46.52032230855922,84.55244258671539,47,3,4.324250267843472,0
32.04851489264984,64.3378975287542,39,3,4.0834023175598,0
46.84718402311791,46.014019081913005,68,0,3.109641290811723,0
30.8408901214898,60.694830598223675,33,2,5.443775881090787,0
18.341414792025773,97.21871549260464,13,1,2.758192205183283,0
20.469490745402048,117.11465764836522,54,3,3.29721620221419,0
40.577019359936585,108.58108820680472,7,1,4.422377705561837,0
43.11667002065778,57.77876445534315,14,3,3.592115540396866,0
29.148200498747098,42.00956416777472,19,5,1.8386922147698763,1
47.663109505328485,73.5221561727801,54,0,3.7205592475921154,0
20.061759252772482,25.789015860928707,20,1,3.0027322496417206,0
39.2070424162322,78.07919285461954,29,2,4.528395493899516,0
25.467805602850518,66.30993534253328,24,1,3.6814620127941677,1
32.17796670637409,58.34908745329395,63,5,3.613409183656869,1
40.56878405579697,30.132423318330112,57,1,2.242098603537138,0
29.67503961659257,82.84000266424292,8,3,3.2239696305031935,0
35.3853334692421,56.68247900845222,62,2,4.664121312815184,1
52.07551371057329,40.7520791072428,29,2,2.568156386550355,0
33.07729756572222,-1.8065553320412278,17,0,3.460939732294743,0
50.0283053447817,69.3121273737341,66,2,2.3762647380211885,0
26.443517744108583,114.3062899167436,6,2,2.0793888307379973,0
46.357650134983395,111.53148036369674,58,4,3.3981691460127768,0
57.298823447894804,58.572593585343206,69,0,3.708561397852806,0
10.340265998472528,54.94469849095549,28,3,5.892635527079113,0
30.43725693435428,81.71935640187559,62,3,2.953447539384549,1
46.92486552616648,45.040364020292714,41,3,3.439796878839341,1
37.56345536748409,77.54479749548665,69,2,1.9999117784348903,1
44.4537504804557,89.15200695961725,41,0,4.234688017888296,1
32.75217775941015,100.6733305971077,49,2,3.9777137352239365,0
41.0390774496748,67.49614808800118,49,2,5.286073613229714,0
38.13187317529505,64.90815624557585,71,1,4.833946581810451,0
54.01338473991769,48.05043533108598,3,0,3.9216880026107397,1
43.053050119614554,49.327991149003495,10,0,2.9359142004935594,0
44.051231944902426,64.33802770246183,35,1,3.7456021254680723,1
35.05747640653039,79.18413767040445,2,0,3.366783845441887,0
34.14872531113008,92.83961565583124,24,2,4.644077039885575,1
34.80930174616455,49.92052623299138,38,1,4.491477787954961,0
44.73342570853956,107.31721422398805,22,3,3.1443014676142935,0
34.94818623015684,63.22190997393578,26,1,1.7456074642077466,1
43.477298282756955,69.46581764128909,43,1,5.10006476026451,0
64.90480958374526,51.319708021304415,55,6,4.198248748187846,1
50.453496441180306,9.39399349317646,39,3,3.1166119153127974,0
36.08771761398591,92.10113490902624,29,1,4.151448017724405,0
54.41456706596734,88.42109742731083,20,1,3.589833567500035,0
35.10309552374138,62.96681107204466,41,4,5.082341511463368,0
15.542505577865754,71.6747679306218,54,3,1.1842637218339678,0
27.902964268991152,82.89848044260249,20,0,3.023370840183881,0
17.55049694768973,30.936353577836435,19,0,5.418865418574426,0
35.78183819150429,56.77368306634263,66,3,4.175838084160775,0
40.22102055027462,89.85661699054567,30,3,5.6271280019770495,0
60.117247747303395,38.64276442076876,53,4,2.033831488203843,0
43.923128485169954,77.33894830416573,34,2,4.7866360591261845,1
37.37079365429363,36.08545488441487,22,1,4.714669308144599,0
49.95286697420187,81.66074956083816,67,4,1.4819257576053992,0
13.466376291905377,69.10896294256291,6,2,3.1453972525602993,0
42.827374697302794,29.621704602362264,27,1,3.3721650737671003,0
49.2503823266436,99.11848386142928,10,2,1.5565327654791135,0
22.256965050641902,51.63521058004877,48,2,3.1704772081754733,1
53.72504851848315,49.74368907464047,70,2,4.547819768934327,1
44.06195688993297,75.01422993077357,59,1,3.030892328570312,0
35.01654503319038,98.71593373571788,59,0,3.7905597868088314,0
47.59338239327542,44.60445452554008,2,3,3.7992443392731823,1
67.24831429365275,71.54199624619929,29,4,3.4854279066334803,0
42.18239506070194,80.72041250826433,68,6,2.6537815711694854,0
42.978647035604034,87.3276401815786,65,4,4.290576769860677,0
34.48766920551707,74.41103888193064,26,2,1.5955594861688103,0
29.801867566422498,60.82430402291694,10,1,3.5103057662098194,1
49.964029798530945,49.31024448378201,53,4,5.1625836086217065,0
29.726994089093594,72.15359707615937,59,2,2.9631521001905416,0
40.85879484663271,43.19652470035983,22,3,2.6272145341972672,0
34.2681106388186,-3.03376208736519,51,2,4.370619366530454,1
45.7477579089567,80.9139951039417,48,3,3.6961181127045584,1
44.00394526344338,92.59837102715488,21,0,4.394536738468319,0
52.45047933109479,10.926689111454039,22,2,3.5461981828343268,0
33.87980321374304,44.75673238225156,30,2,0.6340490590985848,0
36.761500776479544,85.47885652512994,25,2,4.915896092510839,1
28.254835410612312,121.43738674279247,28,3,5.984031658973931,1
34.66848087908666,70.5198426918852,65,2,5.040849208203544,0
44.52760591653823,51.79992646927164,45,2,-0.7466292700837114,1
49.083863399744224,65.427588972379,68,3,4.04130585500668,0
28.934016109868494,104.37191047870462,7,5,2.9399050273099445,0
50.435271041267924,53.85089552188661,49,3,2.1989074956659493,0
56.26765430565941,50.02019983374366,9,0,3.6472785939659276,0
44.96121883868441,57.93141194544919,36,2,3.3212632461203353,0
62.52154975069679,46.16678479353219,1,3,4.110389365135809,0
30.714529610757126,73.06675789986988,10,2,3.567896227166545,0
25.064143560262995,110.61696146173901,36,3,2.155025471733228,0
18.655357013148656,78.07698182790072,46,2,2.808077867908435,0
57.952531737870196,63.69116244684281,32,0,2.6144497324099807,0
47.85238787624869,62.7047182771114,32,2,1.4402201879066645,0
39.33298394907454,30.920229782583576,6,1,1.85402642725534,0
43.359623515837846,92.07774442867898,48,2,3.246717596137767,0
26.494131432419483,68.05407007467996,38,2,5.208504890368735,1
69.34902375540192,65.48800216023436,17,4,2.8573315043614462,1
41.55065418370273,149.82768919612153,27,0,2.5910830702966523,1
41.31273753525871,77.46882270914216,54,2,2.082455831992609,0
48.7091994867843,51.205223747620394,50,0,3.5366437939944206,0
45.772110780840556,59.34106009486142,35,0,4.915111201532151,0
42.68660829134958,98.71114272991886,25,1,5.90321931969031,0
30.514306534656257,72.83176026344411,28,2,3.8424792520660245,0
45.65762028563195,34.043050542065835,15,0,3.6679924911637216,0
62.5842939577004,92.98072336438008,4,1,2.847832271295748,1
56.14504055385973,53.29639786152515,27,4,3.0481200542107865,0
59.11823951967276,116.83244440543864,26,3,4.255010109260843,1
33.86541188282578,97.00120164286622,19,4,3.122149601524305,1
28.124742156897028,58.816952608531224,17,2,3.305261063399103,0
38.49055695880422,102.02540904337782,43,2,3.469583270299491,1
40.668698947464335,71.69638776318509,41,2,2.7910062669110287,0
53.13029822165139,91.31934187805548,42,1,3.4100248891069382,1
19.690424443422167,82.11832043236187,50,1,1.076712645451038,0
58.354603833527364,48.841083625228165,40,1,4.158603059622155,1
38.10390521705213,53.91125419206345,39,1,6.322126206766466,0
34.87742716063096,95.74902043952903,23,3,2.8375476618043205,1
27.85474749687799,61.63061669733648,52,2,3.9486045740020037,0
20.141719937610766,59.90878841895008,47,2,4.521891584295421,0
49.878047007542975,46.12193551626618,63,2,5.036258327260954,1
40.87981560626085,80.58997663983652,69,0,3.1828142135117847,1
24.520469203107353,121.56312298107862,43,1,1.336019295573537,0
24.459054735236606,43.31167714364318,48,4,3.8206783410185152,0
35.97058360851846,70.60548641681895,34,2,3.6543544287853122,0
60.02825830347271,105.30551388538572,40,4,3.0852003503887966,1
36.884903783636744,68.00896521885713,61,4,3.3397854525387913,1
21.962284562582724,81.30929490624335,50,2,3.6724165340212775,1
37.05108323096867,43.440161796328006,67,1,3.9341143905246203,0
36.727317163027955,80.70767743019121,62,3,3.8837716522879013,0
7.637360284701138,65.32139337488628,58,3,3.2387772085986457,0
39.348461601786255,94.64324989199658,33,1,3.961134601983141,1
37.22878563749586,99.68465128911878,16,1,3.1579629820701656,0
48.35447637776102,134.73909105046533,48,4,4.270430601842383,1
62.18747313934414,84.4908293303394,10,1,2.747068597428199,0
53.51878035457309,78.14490791455417,38,4,3.587669830579475,0
36.773335713342036,74.8596075394334,19,0,1.5515137014593245,0
26.721689095099954,61.17084267973279,36,3,3.0561074366514234,0
70.88031763899832,78.46209608654227,59,3,4.180986465355974,0
40.71062120817386,62.614964746524265,63,3,2.259518159950318,0
40.167151502955356,74.21152440674035,46,2,3.1158794283798996,0
39.71049895467996,102.93993839019899,3,1,0.6139165401077489,1
42.37701712921426,44.83643586800898,65,0,1.858311069761613,0
38.267675056912694,98.49696402822613,8,2,2.172230532663318,0
33.116055917437166,102.92787668349663,51,2,3.6221012609259664,0
33.437692705115296,67.04828682522303,6,2,3.900090814871255,0
39.60696075740802,16.953627524785134,39,3,3.4327333208717636,1
33.47890274639482,54.804450322639184,60,3,3.0408879405351463,0
31.44585060787403,102.42486366402773,28,1,3.0450779019815033,1
41.27716273230276,69.42829844252795,54,2,4.359254898848593,0
36.940273390949734,45.01744419262723,37,1,3.7553838162596636,0
58.04791586299226,57.38062696929457,9,2,3.099265284433565,0
8.188362299283856,91.01550066261382,56,0,5.0519593942895105,0
53.09808222306954,83.66833920503448,59,1,5.839970049195321,0
54.953022309971544,64.02669752075764,2,1,2.0051090597195955,1
15.119317211102206,60.82938970463281,61,2,4.1270120842526135,0
35.88774887103581,60.206046273904455,58,1,7.2078675292236625,0
35.5427096080505,46.939745387537435,60,1,3.836246649260233,0
23.109859663386146,110.38439223673605,40,2,3.638531163397132,0
30.6661997489095,61.941988269716504,36,4,3.4331192721276635,0
26.673089854410055,100.42896302063741,37,0,4.0882178209888895,0
61.02724532108347,108.03290129806129,18,1,4.405878999859859,0
51.228140717769534,94.95777245369901,63,4,2.006279750996981,0
55.258661139929906,59.20949218204879,22,2,3.468219646053406,0
48.66006476851882,80.09325225841523,11,1,0.7766025626031086,1
26.45137874539325,69.3951098402271,58,1,3.2488200600542,0
33.70575680464272,47.4074534817468,57,3,2.416773687413513,0
45.872494734735014,78.10898204304007,4,1,3.907013094962581,1
25.334466293296657,40.52400522100494,7,3,1.5123433674307694,0
48.555981162068655,99.69198471153909,61,3,2.8852192274490864,0
37.11609522210238,58.384567567540174,54,2,4.659853100624734,0
35.50215030940483,75.02899139682098,68,2,2.6884002182669,0
48.5315196184419,77.08219678865355,1,4,1.214077067098537,0
45.33115973783248,63.52737565739807,55,1,3.8090397837547814,1
35.66840601017104,84.66734503688187,3,1,2.7961652082888366,1
53.91195764037098,58.12740858443689,38,2,3.2769374767125243,1
27.027240068801234,91.78243243643111,1,1,2.6241564962448893,1
47.39122728333116,36.350507993831286,38,3,5.869276093376035,0
47.11721509562061,73.1594894886603,29,3,1.630312716975784,0
36.28544272823212,118.47322497645712,5,4,6.900194734273127,1
43.913596266905415,44.99171688486064,21,1,3.0312361630983777,1
24.986637083376365,53.056375736878714,71,1,3.720135891461762,0
51.08832423048281,82.84769624147287,67,1,2.8102442988746197,1
37.78117436268413,74.48954454848995,47,1,2.760039728173455,0
33.72732375377153,78.76575248183897,35,2,2.5582041158808404,0
52.58811071004267,82.22967825369159,68,0,4.221509554452362,0
31.54787571348689,85.86803671404425,69,1,1.8070403676475326,0
23.098464443637283,97.74249604890558,1,2,3.9369302530912025,0
21.320449917713155,80.24546642321282,68,4,0.8786087179378295,0
47.272119416147675,63.968558634536436,12,0,3.8282345253701164,0
24.6348477700446,86.81434253006827,60,0,4.518971127118629,0
61.057530183812375,117.49704837238039,27,1,1.9705770712311568,0
15.016847105395335,66.68415634043566,56,1,4.314491122062493,1
60.35747641948046,45.63676738323396,23,4,3.5616624927491856,0
42.53220960643142,97.67701673217432,25,2,5.418111746429407,0
38.83944265755529,66.99047090116004,21,2,2.4737523412266924,0
33.460970958292606,15.683261349649094,61,2,6.879183084467275,0
44.78963337222485,91.18554192876054,63,5,0.6310614148097149,1
39.54838357090182,56.616795351151936,52,3,3.104595439236649,0
53.23962258419826,67.73666794239598,25,4,1.4617163472524801,1
41.37073178394448,78.29950826422537,55,3,5.721265012219719,0
41.80362113754253,74.76249199447666,46,0,3.185958807420996,0
35.63665345343373,87.73629542847598,32,3,3.2939779071568607,0
39.316652515347194,59.11284073575392,55,2,4.031885717702256,0
43.69362122670471,82.82764495440207,5,3,3.494233776407255,0
19.477979288120494,63.51133306040207,36,3,2.7874861323183984,0
23.821774934731444,88.47026202218757,49,1,1.992023299245142,0
48.91916912827258,85.38418710032633,58,1,3.702216082800115,0
42.050385257535304,46.61403244888511,39,4,3.954600359227374,1
37.79219996376785,97.14955290437581,61,0,4.334452683682075,0
40.22120719678472,56.6009138721488,9,2,5.795272220367826,0
44.170980464340055,90.20144495702863,6,3,0.8914773147032098,0
33.52288383628766,79.18218283503352,35,1,3.4187393631767544,0
30.660343295172247,115.95459191987806,39,0,4.930085402985713,0
42.350143061172176,64.4133504407037,22,3,3.3505730906733624,1
28.259526668619614,61.26708009704507,41,2,0.6941930555680758,1
44.89903306857366,69.51450985280668,5,1,1.950752510180095,0
19.568996749145917,62.42050542914311,42,2,3.894283819612783,0
52.34986764790772,89.99854754855124,67,1,3.850636753860009,0
45.67116978895652,29.592234789085303,30,0,4.307023638009225,0
43.07235681176651,43.65793952134115,57,2,2.562789267742179,0
51.79229180734617,43.30492696052018,29,0,3.8118598819031573,0
59.98569333355092,93.75768979933939,37,3,2.36496403052441,0
52.17244078021756,112.76533431454814,13,2,3.811949592372429,0
17.909509224020255,67.38876953656322,32,4,3.5638546365242476,0
24.645076399171582,65.77945692024973,46,1,2.514967975804515,0
32.50217706765186,71.75130407782953,23,0,5.369820356915224,0
40.313092602530006,99.04695756520476,45,0,1.4532368598051355,0
46.21190824562947,46.81617164523565,17,4,3.330054820387367,1
31.291074242158412,75.95922456836963,66,0,2.488513322810828,0
42.24120117372494,94.37994074456074,6,5,5.701042443027529,1
30.93540481176013,82.52735424849612,18,0,4.218077609144503,0
32.66178636409662,74.73954041496859,22,3,2.7208275495555325,0
23.120066837821334,95.02615231417853,33,2,3.164341652815553,0
28.921201046669147,2.419192675019076,30,1,5.733508848776635,0
23.779784732603996,86.94688298827269,32,1,2.3644692419239632,1
28.289520964272008,53.6481079218144,42,1,1.38266219332333,0
52.64370155929407,24.23417757858858,10,2,3.849208234956577,0
28.607213334016684,82.78006498812452,36,3,3.8763684408893844,0
71.5885847780487,104.34146362907394,34,2,4.299241488067832,1
45.91981481057067,66.5637871343077,28,3,4.307150913046343,0
42.218033484338484,93.82186368007348,11,3,5.624846780880559,1
29.699706637825436,110.30695644971614,39,1,1.4382350115487572,1
48.4037185529079,102.87286133960119,47,2,2.0566361664256005,0
33.092346085146715,110.99911323428482,19,2,4.294644000735425,1
41.464117775744334,88.5531872767973,15,2,2.173249397942672,1
70.72101445922553,71.88584097253982,28,4,1.7520944320887637,0
38.8472812033042,29.950854702570787,24,1,5.739013462742324,0
53.791279915428106,63.848437796751284,9,0,1.5560694420028554,0
31.56188289848935,48.918835117095206,47,1,3.0784735554672253,0
39.58013811403646,124.27356793744534,33,2,3.428759058522315,0
61.24960762762612,65.60285468919159,62,0,5.070963970355933,0
32.47639530654679,73.08012016961214,19,1,1.2574363300610352,0
61.74938269596315,83.78713440101168,67,0,3.998570181807499,0
48.493023225465706,71.09006115931135,40,2,2.4315475300879066,0
33.25039868926879,112.37627601076883,47,2,4.253133455110941,1
47.58889286866625,54.4337659566387,65,3,2.411830728767769,1
51.67065339552076,74.86518638093106,29,0,5.386767507422933,0
47.46171954660636,51.43823535754879,50,5,2.418835977888494,0
21.157303361314522,36.99943721948235,13,5,0.5456243529321001,0
31.274353890101576,54.705772727367865,1,1,2.553380900310439,1
37.02977637338194,69.0740800737897,34,4,3.186439867317326,0
39.10679885079944,59.2674443870685,48,2,4.7988246477947705,0
47.44806517060813,52.6894755031536,48,3,1.9899022033220952,1
42.132412011199044,34.842063408204154,49,2,2.013624647463109,1
23.975867695478783,67.92236068428264,64,3,4.652693484450781,1
44.56237421207156,32.381990649224946,61,2,1.849729858445353,1
47.32702894340588,89.00139909224006,29,2,3.285219870329971,0
46.71748537517248,72.06099382336258,39,2,3.3096185798371853,0
52.96936870665546,33.56121251337674,26,2,3.7610954436115547,0
50.00706585458685,62.26977307375341,17,0,2.6001821475408793,0
45.51016095074124,51.19608986023542,71,4,2.3876067359905244,1
39.15801146249623,77.97936276047952,13,4,3.9018733301027506,0
20.0684687978081,103.5112611505786,69,1,2.424804976196257,0
45.15541862959103,23.120688258856383,26,3,1.8680369718569905,1
42.49225224595733,72.87565197868543,49,0,4.9733599854220225,0
43.258946046344484,65.99668011083399,67,2,4.085714457655019,1
24.679017090156286,86.78350191126164,7,0,5.621002874918409,1
27.02732151510085,75.32991570594223,58,3,4.440761181460335,0
52.637834239994845,51.20076670652952,49,2,1.978227618042202,0
39.52533815372014,62.023651608334546,53,1,3.615643088071995,0
48.178008368471495,50.09935357991277,65,0,2.2812460943381048,0
40.339820513565535,96.90017846496497,62,0,1.5180684839380596,0
40.35707367394894,70.53279121679856,17,4,2.9633607283160197,0
51.259405671711974,117.52976714382518,43,2,4.677839450358945,1
33.80746326139151,68.48347965463448,25,2,3.8298952529450085,0
41.1534493232918,52.28983082723843,3,3,1.8309270424894748,1
34.45269653553949,32.15714018467932,29,5,2.9211901097447157,0
34.78604527081221,24.921508093601375,32,3,3.328560097589624,0
36.28993451837633,30.39660142486276,26,0,1.4730650552349864,1
42.665605259604554,76.67816627528708,16,0,4.355806838298335,0
34.25501654003827,82.71812558074835,25,2,3.225517968489498,0
55.06907350688225,30.470232449196665,54,2,1.831286166881531,0
29.264712373365953,92.37595785190288,28,2,1.7633916875107187,1
37.75754027006369,57.92347370791401,56,3,4.820796733905933,0
34.7232273007099,73.66982529963873,65,0,3.043024361425137,0
57.3637346122448,110.3055157063856,41,0,4.928422434747694,0
42.358657318138896,92.4209828966383,51,3,5.386586575883259,1
52.38213447362362,63.28673380235419,71,2,4.726937927427109,1
22.173275523556335,47.72019436461781,29,3,2.859881904059011,0
43.20460319043111,16.20461496676738,19,1,0.5025834565192633,1
50.675569547481246,52.021167018939494,66,3,3.875595565441794,0
40.98740787130509,64.72174402930764,41,3,6.0098916437342575,0
52.78576450078421,45.3205118212204,45,1,3.45753190619141,0
33.79253859879553,66.71857582269239,15,3,1.1122213774410237,0
56.912169282226955,71.9212970739692,3,4,2.690145804283859,0
67.586777483431,64.37860045479803,11,2,3.279520070279834,0
35.64593727472409,53.74993547941351,53,1,2.1824137190962434,0
34.653969743190736,74.21636679916818,46,4,0.4232552384241335,1
57.44061372541241,81.04851623923523,30,1,3.38257907574185,0
58.95486574876855,42.740023063928845,57,1,2.5581485043708483,0
33.72567967416078,105.27330949365675,18,3,5.627229993079899,1
34.95775819484972,67.53529669289345,51,1,3.6212401855793552,0
36.61858469367391,70.47124057362119,48,4,4.06349467627807,0
23.866593867588676,87.70536058141393,66,3,3.3570966278047285,1
28.97617664218962,75.83040328158754,8,0,3.612479963808624,0
27.950310798975185,93.82841584783112,22,2,1.5172408539654278,0
30.78642921875046,77.17810413004561,6,3,2.251800433734453,0
39.583781351358624,54.68906563398905,57,2,4.806337641583222,1
42.81057679043825,79.03758813015254,36,1,3.7513543636762363,0
58.606005913768925,41.40684481698345,57,4,3.0217916985409836,1
28.01975151113451,72.71399264441308,49,1,4.083405489759048,0
51.81186878171901,69.16925023388848,45,1,4.107034291808712,0
37.43213386929389,64.7970785681865,66,0,5.889073559533049,1
39.40643548417081,66.78656221402673,45,3,3.695679612662693,0
48.097833905999245,22.953773862559025,20,0,2.224990909387639,0
26.527335741252415,56.28187730647596,64,2,3.3611642205011987,0
44.58891695420861,72.32112252852787,67,1,4.229078752545652,1
41.99742649855667,73.99640979993501,3,1,4.694790813714443,0
45.90941516809779,44.30812147685104,54,2,1.5619617534465449,0
43.470023726893814,101.64269602161752,64,4,3.804448063390176,0
69.46360167893073,48.34562879463748,40,4,2.4232940870022603,1
32.347120188984206,94.23643001316842,59,3,2.8200416904566694,0
33.62803653997819,80.67985904679212,55,4,4.51500754909207,0
32.522313682902826,53.84431725390492,62,1,4.395498247318279,0
33.33427457007694,114.3827723152378,4,2,2.6862170465629296,0
32.35135447232179,40.159079206087995,60,1,3.3105895747519,0
54.26819837329062,92.97885434025004,30,1,2.856701845854976,0
57.04605097587826,95.01455795107447,2,4,6.970043587948121,0
33.15104447500629,53.23449477308388,62,2,3.8340297997344353,1
30.011733122749256,104.81163250160822,49,0,2.4926220904726524,1
45.65698667663685,63.74883713502618,9,3,5.086600575465352,0
33.37332346862834,77.21734073199643,31,1,5.128953638819959,1
47.59518181306613,76.50804596928052,61,2,5.650004852628241,0
42.435076250215594,66.6422814632363,48,2,6.005592419012113,1
21.811070620033217,90.27020682899456,25,0,4.349257859439354,0
58.57006241596074,89.83721801380533,36,2,3.0801779074662465,0
61.55053207714626,26.28670066904548,8,5,3.2568598788748164,1
32.646535714187365,102.60850607195381,58,2,3.149509638072148,1
35.34758128076819,28.437700299108144,45,3,3.015493559385168,0
43.43038468869886,95.81365510854144,62,0,4.987924168746309,0
44.0134814798443,98.16762842068958,39,2,3.500865088323171,0
47.902531272073965,42.72583924462005,58,1,4.665706237779448,0
64.1224544651962,59.729642801135384,64,3,4.311819865737188,0
37.87663327007141,42.357383287851604,44,2,2.1816140442534997,0
30.420433065538553,64.62697424278161,29,1,1.4393879961652596,1
23.448169263825672,62.29914289535647,59,2,2.0160044399779222,0
31.228839520696972,89.4915133067335,71,1,2.9879523587230534,0
39.60247632551444,102.7577186529902,9,2,3.66119372032145,0
61.53469436221345,104.89209526974889,6,5,2.7220396071867388,0
33.78866441156595,55.945799335542446,29,3,4.3436781760893215,0
42.68545541966678,64.7694531563868,58,4,2.8667777666996486,0
39.80292524712698,27.914045194476245,17,2,3.8083489258207335,1
54.26071928137701,49.85324833759528,16,2,3.6410980167942637,1
70.32318911048347,94.12129082743644,3,0,5.5813197101448635,0
33.62957472495615,110.3895705887058,21,2,2.3297108898796726,0
34.126726689781336,39.141278203001946,64,1,6.150102909385646,0
52.52993052482886,55.188393521177645,36,1,2.7867801767124742,1
48.182697875515736,69.33985607602682,62,2,1.8919317315670288,1
62.1604879088324,77.00402897049017,42,3,3.2397020114881547,0
47.00713822391157,49.759912001958845,42,1,7.388166978364168,0
35.688494910555285,80.60152611160224,61,2,4.57424628202235,1
47.08785796830771,58.1540163232271,13,1,4.223556924129514,0
53.30444296699489,69.63869322804302,11,2,4.454224233969825,0
49.84578617436837,83.65710620009249,54,1,2.5764878425972313,1
46.08728837328757,70.16055674527344,16,1,3.8912532516390312,1
52.80009627506985,59.09035273683578,8,3,3.5030027603805474,0
54.03154708534807,67.25975490185422,59,3,5.670880098373292,0
56.58590789245032,67.79092601986662,57,1,3.369574740096017,0
47.784518651075715,60.749724252946805,40,0,3.04606814650711,0
37.994583036197746,63.53009843332244,59,3,2.1022407231570535,0
41.76056423719987,109.96617926261791,2,3,3.668017384250738,0
54.47810759810028,84.02298619853097,10,3,3.851542200222602,1
30.196771948153167,62.61299204927099,44,0,2.0580941742313787,1
44.424079706474814,87.4238601127684,11,0,4.043796324872691,0
35.27993425207167,61.65451275609975,2,0,3.7798154285538303,0
40.34493787521781,99.32811593966603,50,4,4.716134911860517,0
55.341422351287584,79.24105480495234,12,1,4.954841741482284,0
42.29318881623884,67.31744639989428,23,3,3.613135152337135,0
40.55723857787378,81.19292314525694,18,0,2.256362139041485,0
23.681726308240968,30.728096198287517,62,0,2.503254103346426,1
48.95504279232665,41.83081327725487,62,4,5.614553195694909,0
47.7458101736929,40.151874840023616,38,1,3.6985872717470722,1
65.95905667966552,73.57357736909267,67,2,5.595384535461269,1
36.30666118056399,113.31287498712729,38,4,4.098325782184676,0
42.62980393196727,125.7825036548158,67,1,4.404482764614138,0
42.992604204529066,85.95127753601894,61,0,4.6264683394857915,1
58.92943935716169,82.52111187361143,1,1,2.032233422708692,1
38.85645361135658,24.973556646181528,45,2,3.8683409001350313,0
43.34825830924407,56.43315500664946,28,1,2.0156013183655253,0
47.29475811659847,50.30540620229402,21,1,3.1581051825470423,0
42.2393094778763,54.4788100437221,13,1,4.268203563347661,1
34.64279662539366,65.79640453538026,27,3,2.2695993313610567,0
42.32907991477969,58.19773555757182,7,1,4.171204789433206,0
52.883580998317264,20.517504740605304,22,1,1.7019572174409971,1
27.681816407067277,88.69775640293835,53,3,4.871983788753882,0
41.595636089762515,43.181424356504834,4,1,2.702675381473583,0
31.59855022072992,75.98117160277874,23,2,2.26745909093746,0
54.34055954709811,121.85206674374933,70,0,1.7775729008107033,1
21.721757142594704,47.01538521033942,33,1,2.8047754005948096,0
33.29293783274094,6.742811931341755,28,3,1.2108658316518408,0
44.52654250077425,62.84989445299723,8,1,2.841921033070004,0
58.786288350812086,97.52399087496428,1,4,4.8193844303996975,0
39.210996867124145,118.95868635551486,37,2,3.273546080312199,0
33.337605679681616,39.26126013868958,63,0,2.086977660912031,0
62.57388483328708,82.41748058091304,22,4,3.7715159798825697,0
22.623833195005073,58.367238580498665,70,2,3.665474931049888,1
13.614328520559017,67.3512911423966,21,1,5.84793195510286,1
45.28017340063999,136.10858367542588,35,1,4.448865222248487,0
33.97534930776867,32.42574179012117,5,2,3.866717752607414,0
27.74520619443144,76.34349153736434,60,1,4.586079858031457,0
48.50027736759224,81.69232929413583,46,2,3.338742718183925,1
42.925608565254386,97.14465812348368,50,2,3.4095041829125607,0
33.23105643115926,72.44957883677239,48,1,5.490728364117878,0
24.636347215949268,77.70126348760256,6,1,1.5373051678205025,0
50.469487939361734,60.208785814455226,56,5,4.661534615769127,0
47.80241413550393,76.72817353112768,59,1,3.367050229174669,0
38.809889634647405,61.42019311256474,29,6,3.150212694495978,0
62.15964395257199,85.53929724640128,71,4,2.836524879567545,0
27.15898280408617,60.75974159890915,18,2,3.6844088246770257,1
21.693697948903136,79.42750984755466,2,1,3.4477646401944004,0
31.69710316142507,69.26842965787554,8,1,3.0023571359276393,0
39.452967803734026,98.1512562693042,54,3,2.656810705860019,0
42.9200733918723,68.71515691028785,38,2,1.2136034570588778,0
37.10516730572404,25.674188294827964,48,1,2.6314355067779958,0
44.22466475817156,101.54803751784979,27,4,2.8852458244868338,0
24.98152690971467,47.356692478434525,20,2,3.6814772866002103,0
57.32517524887911,53.65584153377951,12,1,5.855703061617806,0
39.01418585928917,55.10846764891269,43,3,2.760852567783897,0
53.407549979057535,104.36095232927043,61,2,2.271522975503396,0
44.11270415653245,16.608144650532616,31,4,2.6426046904362828,1
45.48103862984541,148.44371334149986,61,4,3.684013721122538,0
46.837207362786444,96.4014202266513,67,1,4.206362551755527,0
45.37250272020778,75.58097285322899,35,4,4.374014255683451,0
47.71267311841053,68.62764998459284,15,0,4.493249597881119,0
55.94983036158918,77.13885187144142,16,3,4.66307670513437,0
42.35825403641764,83.02806070948346,13,3,3.1653396350321965,0
48.508045091062144,86.13038964875142,35,2,5.963768220489449,1
38.92317166855328,83.89011165008621,59,3,3.074277774609483,0
57.281406585393675,72.23951703138123,21,1,3.631208691609091,0
31.883292375288764,65.06653949231685,54,4,5.05499248612723,1
61.61128519492979,66.21816790866221,30,3,4.179710033585319,1
39.51810459226788,65.12729299118297,48,0,0.8109839071727141,0
22.83069877458342,98.34425242167661,35,2,3.5067629963562235,0
41.53725297892947,84.83891805702154,38,1,4.5343577073037835,0
31.82738011030143,-3.50971586660701,31,0,1.8878356645645302,0
50.08772258786469,86.39751941324403,24,3,4.400831354154784,0
32.16851224837131,74.86840486796937,49,1,3.9681847280161437,0
34.64579880142264,69.53228108885257,32,1,4.920704580621647,1
17.325511228653628,60.287038672777854,55,1,2.6696824131936308,0
34.57232416901108,98.10281799965034,58,4,4.695072098707094,0
10.913448080452518,93.68816155307144,3,3,3.691529896880998,0
20.99316611817132,50.678058304409774,69,0,5.619260364862745,1
49.12497587373157,80.17630717811338,10,1,6.84325992537599,0
49.42960190380999,45.708581636467855,25,4,5.345996526863063,0
45.10549074141958,35.50954588027674,68,2,4.076622413729869,0
28.396286282449445,54.332069385250875,61,1,6.285204795274165,0
39.42746372629624,91.55983680956896,29,2,4.22417365000158,0
39.95676953091318,93.82812613440217,19,1,2.4104651437728606,0
26.099623729689487,82.82713550243233,43,3,3.4528720316581096,0
58.04077962120581,88.12739467119994,66,3,4.414006623554002,0
50.52834748690806,82.90445717787397,61,6,4.491144986744077,0
37.34842991404403,53.9629601194262,43,1,2.149682132230809,0
40.32263006793437,80.79806361684851,25,3,2.1877612562483932,0
42.50059369537063,90.01023813069206,20,1,3.0904281845481822,0
15.499181578908512,88.85728324533936,48,4,4.141452336147428,0
37.033871409752834,99.72283428686607,24,2,4.295075059855903,0
31.816189024026418,87.7075961800266,11,3,3.6695661489257727,1
27.980559881261016,78.78620518853957,55,1,2.4986855197788227,0
36.626796485368544,96.75375595791068,28,2,5.584331531623163,0
61.572238322194266,69.3369685187735,69,2,2.2135303257883523,0
47.690114335204115,47.953133719307054,63,2,5.0628088938245135,1
33.14585212260644,65.9233259014059,59,1,4.386587940140439,1
46.8709933762739,51.377433879838776,5,4,5.036398764646075,0
