sqft,bedrooms,bathrooms,year_built,lot_size,price
1606.2160651369522,2,2,1994,2492.122917532656,579817.309472943
1564.1126295153686,2,2,2005,5754.903417518152,328032.5964974939
2846.6628178701912,2,1,1999,5233.143722445361,433786.0585900412
2015.3375880353547,3,2,2007,5293.342997314083,519032.0962642045
1618.3254066424438,1,2,1967,8558.02243866846,720721.1818258909
2002.8428490198387,2,3,1956,5325.748107079572,192156.85455397633
2425.093276924188,1,3,1959,4266.684455439001,207633.40406710023
2310.6272269775964,3,3,2018,4788.388015157657,306164.8193573232
2487.131131543226,3,1,1952,5197.638442359168,442315.4957531474
1375.22204863026,5,2,1993,6231.586696422728,1894.7624801478232
2474.574580837422,2,2,2019,4910.559146314718,448063.83920010854
1910.470611974427,5,2,1963,1114.1581989684278,372239.6081072138
2044.5503833519383,2,3,1953,4126.503753501546,269908.34659975785
2604.7472468223896,3,2,1967,5002.9863507269065,413826.49246779294
2351.3628366356447,3,2,2001,7608.403131303296,483447.3848546542
2175.5262404773393,4,2,1987,3428.2087081072277,504203.2663832199
1008.0016584265228,4,2,1969,1729.4782787587424,352214.50715797336
1977.2490723098567,3,2,1993,5128.75441312145,398904.94943134795
1607.6623062147498,3,1,2000,6732.473843017426,393248.27287736087
2355.5226521986815,1,2,1968,4213.1541171952085,534679.5920969794
2495.4790935178307,1,1,2017,9766.098974074888,407182.4321914741
1848.9844886086184,5,2,2015,9294.996131979278,446783.492378435
1666.4792621056565,4,1,1962,4855.054570902165,483899.0824195532
2778.1503977579664,4,2,2011,5373.4263136664395,643784.6100435591
1698.4262164931529,3,2,2010,7737.4629484172865,262127.7710496026
1402.731246481874,3,2,1979,4820.33054573974,593856.3040770835
1583.664423490528,5,2,1979,3391.8229654929646,720664.9669371466
1722.500305942895,4,3,2000,6777.863812470524,271693.58513885096
1569.318473525226,1,2,1997,5928.825684870591,317481.47841247736
2422.6956916390363,2,1,1982,3385.3103759683754,285732.35583662434
901.0432772129946,5,3,1968,5558.328340499518,448533.26107835956
1558.7197942772355,2,3,2020,4679.878962783443,70748.50458710821
1976.2512772725684,1,2,2006,4229.808617315267,275075.28147572395
2105.1231100011464,1,1,1968,3428.320743332316,308953.67343612836
2845.9174187622916,2,1,1990,5242.8062232450975,295835.8465196201
2772.618856381843,5,3,1991,4468.285266221025,294325.6294219201
1199.6314220277288,2,1,2001,5569.413153517458,276611.06325923704
1045.9760297152102,5,2,1953,6639.675244129953,466607.8499729002
2012.4856311854994,5,2,1953,5463.132738861795,430736.6328350443
1663.407381768456,3,2,1954,5497.369198752652,605510.141757318
1403.9868290084073,4,2,1990,3917.645863665047,466990.0037848887
2008.0604487303272,4,2,2010,7348.712029029736,185361.63333422385
2115.348659167217,1,3,2004,3302.941358042466,324494.43957061775
1580.5157801779112,3,2,1962,1776.0159963837427,308565.22574432666
1687.957627481253,4,2,1963,2858.033038791826,388285.735764465
1618.9792363061752,5,3,2009,7068.527822865744,513987.4459366067
1794.2543793893597,5,3,2021,5917.795640396548,377875.25874931586
2270.7220496948685,2,3,1974,7623.885245864112,378273.77344495524
1461.0470694242067,2,1,1993,2353.8969496667287,351506.28248745186
1679.6575032511996,5,1,1959,9640.436440534959,471587.5985118913
1800.358928457249,5,2,2020,4432.631629519294,264664.224656617
1996.62379742243,2,2,1999,1479.313063117217,131448.5331371436
2137.992246456236,4,2,1993,9391.566333951305,446686.8464316846
3021.1289202553958,1,1,1963,2379.7954769213266,406275.0722263209
2286.062858804195,2,2,1964,4204.208572965574,548512.741272197
2297.965673519583,4,2,1965,4588.495519120667,-14186.832581928233
1866.6934933602315,4,1,1951,5888.166285000657,334947.59002178186
1510.0671021512837,4,3,1979,3417.393048133272,366007.0329243763
1735.8929925751088,3,1,1979,7078.626457551554,123368.3062376086
1644.8337548925542,3,2,1980,6507.272339021486,337010.5470619496
2196.115337777283,4,1,1969,5038.133639560931,528038.4002353156
1174.3592881881336,5,3,1998,7648.658868922993,662917.2061598145
2296.266859793622,3,3,1984,4864.286558323856,497361.03490379936
1941.3802052819874,2,3,1972,4448.708292982586,301329.29282598506
2366.674116344519,3,3,2010,8996.205533317665,539227.2770706879
1638.0459054228631,5,3,2004,5591.472084579776,486710.39241490443
1549.3151425788772,1,3,2016,3028.6972344146625,277341.414778574
1796.6656404807782,3,2,1957,3299.461439606386,262730.59710494906
1784.675373623087,4,2,1989,5037.916281305504,324724.69392071763
2403.1742055374652,4,1,2008,204.00344827526806,192372.64632246818
2398.4024165285327,4,2,1981,3734.0210695698233,303381.2133416913
2952.5115417677093,1,3,1956,4799.212023066238,423012.9382344802
1752.253927741052,5,2,1951,4665.604959364568,505776.0899256891
326.2247017562031,2,1,1955,2485.113504513378,293172.18489815155
1795.288713484591,5,3,1985,4102.96841712027,558263.1302870605
2115.3289626041783,1,2,1981,7359.607794330772,447515.82002532645
2357.2653455260843,4,2,1994,6946.297660685776,454347.9528389557
2151.80213564186,5,1,1991,5191.2327894580485,212148.2369013378
1751.8612334551503,2,3,2002,4862.1800472180175,621164.0331160352
2857.0821787077784,4,1,1958,4676.746503076209,433004.66780323855
1483.1320997188868,2,3,1998,5472.6201251898465,300099.8955655494
1862.677575719081,3,3,1951,5205.13768934902,273632.41433849314
1460.045079569596,2,2,2016,5648.281941742053,303432.1785950266
2009.788381045086,4,1,1960,6003.588349877711,197249.36826833992
2794.502879386435,3,1,1999,2577.785021625599,498245.08165242383
1929.5370380505935,4,1,1984,4379.462616770599,212611.68645943896
1932.6000739532603,4,3,1964,5395.824819792396,393473.7258312287
1152.0189958113706,3,1,1980,3068.3298465529147,282512.41306979227
1856.5039071045005,2,3,2011,3652.357291281237,450619.470337752
2575.243525016676,1,1,1977,4564.206584762861,471005.7224392872
1874.8819171714626,1,1,1974,4662.330683526904,253414.24063713168
1841.1048930438446,1,2,1974,5433.205573782628,344918.95013630274
2552.8572879216467,1,1,1950,3303.9384740840906,133491.28076083926
1843.2179435147177,5,2,2008,6936.040909789468,605081.4762970721
2646.0268161135614,1,2,2018,4645.848218982345,510200.4660394763
1357.6802023061277,3,3,1991,5290.3954032108,140669.1650453678
2338.926987420515,1,1,1983,4260.335116637556,219964.3691976979
2823.1646038477284,4,1,2015,5471.301500385026,329777.25197024894
2503.9284487274567,1,1,1967,8342.442318881262,355814.1080092223
1066.3632241823625,2,2,1954,4241.762314774147,247092.30492101758
1680.8483792845582,3,1,1969,3911.007291160626,178260.80034420898
1879.0242376711085,3,3,2015,3339.6888900446356,409254.69662992336
2504.9777483535404,5,3,2011,4880.756300633742,610922.6705778033
1334.190941894282,4,1,1981,4857.592639460569,358199.812760692
1490.531664803676,3,2,2007,5102.886029196364,306243.16937283176
1197.4242849100037,2,3,1999,5936.511759472632,290474.08804912004
1587.0998749560931,1,3,1987,5684.336214094812,185491.45240342378
1374.1966715138435,3,2,2004,4954.957036934586,249202.28727639854
2798.952930098204,2,3,1977,8907.603136077823,520416.66205454944
1676.3113646760169,1,2,1971,6381.360568184144,39372.49881008145
2345.4626460650043,5,3,1992,2821.480114318677,360515.4985470953
2008.984753609435,3,2,1985,1909.5960284754792,354193.2000289034
2001.9806404622939,3,3,2001,3608.701748931166,367759.90002344665
1704.2780902302804,2,1,1985,5305.316760100255,459112.65626352775
2385.0112435653537,4,3,1977,3441.0006880644314,359174.1895353461
2077.1721163211705,5,3,2007,3744.745510386895,281906.08515184774
2048.3719564695234,4,1,1985,5052.1340771529685,251506.58627168235
1703.2896949110384,3,1,2019,4316.0546822274455,544751.5644722347
1785.1120369234895,4,1,1958,904.5985150630863,506157.79663337057
2294.4555587877126,1,1,1970,7154.353056984775,781645.6279416936
2115.0278057727505,5,2,2013,6689.913781813662,307851.73569761013
2061.73615725427,4,2,2010,2429.7582833739352,254268.0489043052
1622.9787541662263,1,3,1989,5113.782199315744,417975.0344450752
2972.0538517627474,2,3,2005,2766.896939426622,414352.4737794582
1760.1466302210883,4,3,1953,3782.4068402900502,445453.26183241745
1984.8736691372897,5,2,1980,5972.305901710704,477069.6316034547
1906.4831855626396,1,3,1976,6620.094234800105,444001.04181550106
2977.355598630644,4,3,2007,6573.2858782923295,511254.74089748063
1854.5926936462065,2,2,1974,5489.678408199907,531200.796587823
1808.8290295121733,4,3,2018,7550.411472864889,533876.7074797188
2059.155574058335,1,2,2019,3778.8766011412363,10799.307467270643
1653.2295552689075,4,2,1954,4222.741672621404,384857.135385641
2055.799858450757,5,1,1957,-189.25576649068444,211518.47171831815
3185.801790083885,3,1,1958,4813.886964336622,508317.1648553049
2149.8477777755456,1,2,1964,6159.386928073138,7654.745735106408
2131.6229608632907,1,2,1956,5570.519224017803,570383.7916599864
1641.047553545394,1,1,2021,3751.9592935133,220295.04284485214
2854.603577176482,1,3,1964,6689.0512126290705,185920.45400276995
2969.5163503989897,4,3,1986,4852.338495240948,403437.39810463623
2426.3401879135054,5,3,1988,6532.853424017402,294009.38640037214
2326.9166115311896,2,2,1955,5972.299370212525,616908.3961406364
1882.6173242805914,5,1,2006,7849.017917806056,554454.9720691394
2195.6687904223113,1,3,1968,5678.726725132408,273374.79462828854
1582.4211975687463,4,1,2012,6219.8853458685635,506372.7440308705
1436.94301211063,4,1,1980,4846.565822589793,268206.96495458717
1256.3200416371285,1,2,1959,3994.219699842011,266912.80618759827
2205.336986637399,4,3,2016,5981.464415120729,457127.7137094393
1310.8127638396559,1,1,2011,8005.461395079417,568376.163570373
1750.1822984437586,5,2,1952,3768.2387041540383,283839.1223281776
1969.3853123990116,3,2,1967,4503.727342424825,295260.68397467857
2497.6451997610156,4,2,1974,5053.300870435349,395180.70786375814
1710.88991668954,1,3,1969,6369.7926198834275,215901.42882956032
2556.6361563696964,1,3,2007,5690.915965776325,584811.5584739379
2469.5794565720907,4,2,1999,6826.1263128668,214467.10871575467
1464.3458361645128,2,3,1959,8947.81895128229,255020.9351696007
2561.4127469426376,1,3,1970,3722.1973800276073,615085.8606559304
1858.209438929232,4,1,1978,6219.457956290779,382188.2643332754
1750.524438137041,1,2,1959,5641.27955637434,641537.514322941
1860.3233622933374,2,2,1962,5038.0804348558995,317108.37189733004
1998.247136620663,3,3,1996,6212.1704473535665,727927.8229808534
1792.4776997811825,2,2,1972,4466.393959203175,442347.4970744222
1580.1541698193764,5,2,1999,5646.091463293975,237134.60710821257
1624.3722031526631,4,2,1953,2389.4151405721022,234824.3571987963
2069.4714048520077,2,3,2016,3922.3694437883546,131418.8133798367
1919.7682240914778,3,3,2002,7095.041628219526,147827.75809858914
2263.654846699782,1,3,1951,7018.165965208841,251070.26233259577
2026.1814486016312,4,1,2017,5518.866593436371,201260.23406253222
2038.5069979918792,2,2,2014,4093.9004912205082,-36689.678841173765
2296.406117417144,3,1,2006,6650.531659369886,476228.1487821397
2709.459035956342,2,3,2019,7472.974762993275,466300.6581359081
2729.511174145944,5,1,1956,4175.266260217974,396256.53154636757
2670.2032100571087,4,2,1968,2089.9606266963688,179755.03745708644
2435.224584870654,1,2,1993,5898.269850908039,597018.8163132968
3042.7053110460747,3,3,2012,6827.536554814887,323274.78645551414
2218.911883121786,2,3,2014,6174.967052676154,225015.07917728543
2162.772907661036,4,1,1988,8130.158394459881,384887.9198514987
3121.9606377515247,2,3,1975,8138.601331056287,376285.87573230633
637.0155749502621,4,1,1993,4389.205406706333,-25412.557485689642
1893.0517556778407,5,2,1961,5397.988771154239,345358.1937719164
2626.2478645749998,2,2,1971,4006.930315973912,368080.853820456
2490.1314763608416,5,2,1963,2955.872606785352,293188.82389337756
3282.8257874178153,3,2,1979,3073.1213903960197,151781.77085282264
2053.7428591657094,5,2,1993,6434.0427065260865,156200.80874916984
1784.591198805902,4,1,1987,5605.775041372886,427109.8146228469
1833.9576266629024,3,2,2008,6779.921681001679,464240.1474410291
2159.0340814306237,2,1,1991,10063.242819932919,282798.5757654154
2810.8237979756605,2,2,2001,5999.735206482795,407347.65980641334
2817.070504442746,4,1,2012,3424.1588417992048,281312.2617359231
1971.9926640831643,1,1,2010,7070.253641349918,222014.14958852995
2126.504243338896,1,1,1983,3386.9754153177823,382174.53291329846
1694.1992103985679,2,3,1988,8496.673769569486,177635.74966197216
1746.3922261972275,4,1,1990,1057.1016826559785,634067.6134748072
2523.128606718586,1,1,1986,3906.902099328473,134372.9430752942
2801.1056943658377,5,2,2014,6244.27654622196,392574.1046343894
1651.358159765093,2,1,1981,7355.041987649087,372535.8998839474
2121.4781760656756,5,1,1957,3646.0337474196353,359221.35210835503
1878.460971960396,4,3,1967,3283.484064293353,572509.0094035143
2431.935829776003,5,2,1994,5296.734383272755,-52931.69013188599
1805.7419888217723,1,3,1982,8817.987700464771,411759.8158233362
1036.7725302702258,1,3,1954,1923.2447333363739,308993.37539334485
2501.845355556001,3,3,1985,4371.759805655067,437596.369327081
1848.2581850716304,2,1,1972,5520.370039451572,358202.3413727389
1900.2781420559725,4,3,1989,3408.1012735176005,338746.94303802977
2217.7939583459197,2,3,1954,3401.227564580142,168902.80014174274
2176.4168215763098,5,2,1983,4533.216770783096,249029.37493841635
2228.0608293761943,4,2,1973,5585.41965209895,819726.4822929117
1185.1334173769023,4,2,1966,4609.876707006676,438965.3143914041
2278.154506018246,1,2,2020,7931.13130473193,507888.97615580686
1045.4718248244326,5,3,1971,6185.207556803501,297215.4764565265
2384.7825718905037,1,2,1964,5766.328046430144,221658.5947135161
2559.19064105529,1,1,1964,7055.307238616742,466464.16616719787
1315.7399286373916,3,3,1974,5801.605782829846,64442.25962783734
2164.2164952907747,1,2,2002,4113.626745397064,252389.22509329213
2528.5895648072164,2,3,1970,4473.695093811235,296813.6817894048
1775.4981898142332,4,2,2015,2741.1275727771595,491748.365505298
2336.8181828543115,1,3,1981,9009.756373082153,412056.90704319644
607.2970636371595,2,2,1970,6861.447939468127,279065.04070510867
2549.098059121706,5,1,2017,-119.16350630099078,405345.9518153518
2014.997119346588,4,2,1993,7666.256865285984,304527.2241534986
1871.085311681984,5,3,2015,2068.134719118772,510505.6638401486
2492.02072645224,2,3,1963,6041.337955952559,385423.50831156236
2864.6448378619884,5,1,1964,591.9484929773171,610466.420714944
2242.8579206769987,5,3,1969,4143.741317406853,308330.850900434
2804.3569415244474,5,1,1983,7681.867015483678,533809.284928951
1223.3583737365102,1,3,1985,7793.267773238873,363562.0990542783
2332.974418917033,1,3,1958,5613.550785607936,245413.45236615013
1933.9980735728639,1,1,2020,6574.929586475712,740236.1773226028
1605.8904476418415,4,3,1979,2172.859548383175,546456.323654501
1035.6592825685789,2,3,2012,6076.6665453399955,385148.49397698714
2305.8935245013317,1,1,1984,6701.941486563679,464899.4524715594
2437.6450267082646,5,2,1962,10139.491675400277,187697.19525455116
2671.0113754966237,5,1,1995,3753.5614006371497,192978.2731023367
2588.2452188175157,5,3,2005,5032.605634056223,517113.5430241318
1614.145156470815,5,2,1958,5156.230223304209,350719.6068125181
2645.3527576560655,3,2,1985,6397.167467552408,326627.36671981786
2698.173751955922,4,2,1952,6761.021376431269,306809.3457559014
1870.0080373736473,2,1,1968,7121.830223579731,372810.1153203669
2014.2141318558593,2,2,1977,6975.924318625623,311862.58826730616
1532.922896475229,1,2,1972,2037.7634149785663,45178.883469286026
2740.443145326666,3,2,1956,-226.39376063140298,562381.2900242453
1244.106427015532,2,3,1963,3971.2472258339294,333415.9457241821
2267.4853361818846,4,1,1995,4929.166310787221,624729.2944457042
1701.5854059421436,5,1,1964,3773.464481426201,85670.55857386056
1446.0735902217446,1,3,2016,4080.6037139977984,85082.10161044868
1062.635859719296,4,2,1964,4327.501144519599,308687.9696724142
1892.2969360145034,2,3,2000,6154.8819988387395,496629.0977809447
1367.7074427010475,3,3,1957,2932.61588992194,167049.91677088354
2028.2097266369021,1,2,2018,4844.344460078548,161228.29170118846
2884.6686617003124,2,2,2011,4859.65276756192,405792.85080656083
2099.753663219444,1,1,2000,6109.398677016972,303068.9500071922
2998.6402511423244,2,2,2012,7323.809679425806,431611.9866642867
1508.8633732609233,5,3,2017,8368.21479624279,305757.5295128899
1359.5296000003264,3,3,1965,3508.018439157113,407770.5924207475
1486.4922058858608,5,2,1973,1000.0507788710147,554919.9858420102
1967.449730622348,2,1,1955,4516.143542529428,167367.98123660058
3361.4743438621517,4,3,2006,1822.7662834003072,527718.052072419
1168.9426432242797,5,2,1980,10469.153818513943,94377.87969900176
2309.831559081212,4,1,1955,3254.238962313939,441400.4860754923
1650.0173319797332,2,1,1978,6127.667531305462,562890.375404456
1888.0984744745185,3,3,2016,6868.132213348858,271389.7964520905
1370.9900443668314,4,3,1952,5681.244656476007,446683.2671287542
2439.56916201977,2,1,1977,9153.440702618398,276936.0264575688
1978.037433522439,4,1,1997,4595.037719768378,437807.17011904623
2543.726775347083,5,1,1959,3330.236485257031,11225.096553567797
2087.6225970162805,2,2,1982,3226.750775697483,374323.4996131122
1034.1880114115625,5,3,2016,6500.011389207363,409308.64457651955
2548.271397987607,1,1,2018,4620.403507469886,551702.2926609665
993.4996838451598,2,3,1961,3227.0220211935653,488788.3311919722
1065.0486585417939,4,3,2006,5882.610431047144,325814.5921403742
1541.398659934182,1,3,1993,6418.498450176627,390209.71969229623
1548.0722290238318,5,1,1962,5542.610372572422,133082.5362640561
2698.0106826907413,5,2,1973,6799.192784671214,596611.2407060254
1914.4218066248181,4,1,1993,5176.197225700626,453673.90974831063
2623.6926459873316,1,3,2006,3812.74932563748,70864.88461838593
1716.0412607070234,3,1,1965,6622.800143023021,386898.0572192231
2158.823184505318,4,1,1970,3219.823492943329,398351.0666716946
2237.0211557561033,5,3,2000,2742.229305600047,233908.41562057094
2348.0327085385247,2,3,1970,7311.89929840133,364529.8303439267
1767.536912792081,1,1,2009,4304.304057966815,218827.97025279232
1811.072555607553,3,1,2000,8331.367818889943,139310.36409401253
1850.9347103670782,2,1,1970,6713.189573453213,257997.952606392
1173.793804851598,1,1,1955,4152.322572198322,375738.5388708926
1958.0490683658516,4,2,2022,5972.442864525335,489249.7600064351
1808.15787246186,4,1,2014,10056.760548893753,360472.7676307278
2290.0364470387767,1,2,2007,6508.546285624784,490713.7053409563
2045.6505855298342,3,3,1955,6163.39781348488,447305.46165560774
2668.190901726594,1,2,2014,3810.5578527067587,194690.2931243213
2035.0442376042834,2,3,1983,8689.109392397455,446165.4555562846
1718.8971518898682,2,2,2005,7635.875427025945,450311.51039320923
2028.8486110828921,4,3,1952,3828.875936546596,611270.1571155441
2362.083620438582,1,1,1991,8760.825710819583,411598.1542003477
1113.3962961054767,4,2,2011,5329.502433004696,164798.89282812004
1642.3757405912047,3,2,1955,3319.2366506599456,266887.8805489661
1652.911632057324,2,3,1955,3802.962586362927,72116.4297860809
2205.49510143875,5,3,2012,6755.402734149555,426571.62782086997
2263.643269845975,5,2,1969,3332.999686289001,598095.1311167062
2050.6138639174474,1,3,1970,2793.767217894169,-8672.123477430549
760.6809404360383,1,1,1951,4122.251035163046,604434.5513785362
1174.0409084041066,5,2,2005,4420.973551180775,424585.62545590324
1880.5340892714394,1,1,1959,3653.3689487228758,188512.751876418
1749.2652883207631,2,2,2019,4092.110212123939,388504.19592388265
2002.6851894180015,3,1,1972,6833.862468122785,193350.8483953514
1765.3009187822622,3,2,1979,5513.004872958898,416062.96483741456
2765.8212330745187,4,3,1986,3968.71849370299,359504.15751628246
853.0292075767393,2,2,2004,4144.303835439429,399401.5354072208
2151.3138157649073,1,1,1998,4736.687647477294,212159.10242203355
2414.005203081736,1,2,1983,4851.171584152958,234001.9090078222
2350.7692291792,4,1,1993,4859.627487565172,425273.2119258457
2393.6364940005924,4,1,1971,6760.495326099969,274591.0559101002
2465.557954195467,1,1,1980,5394.07680858413,372352.6712257483
1698.0100566963881,1,3,1956,5452.915353198429,417947.5294560625
1449.2581215115215,2,2,1970,7853.570707400178,316646.6213293241
982.6591636526638,4,1,1965,8753.302863784136,523265.1767557622
1818.6985831601523,2,3,1969,2538.0574276040024,322167.42754778935
1611.2334380225723,1,1,1992,1842.183775208763,317663.6769392495
2580.804406828569,5,2,1993,4301.187770755227,255244.22368807494
1856.2209449244326,5,3,1996,6566.2571457892955,505997.3037917474
1484.797131386221,1,1,1968,5751.972799974861,243918.76399635023
1405.7322730194496,4,1,1997,7108.199405423764,538173.5291230354
2994.4100268918974,5,1,2018,4215.272308615772,374466.90670481155
1988.9568425042114,4,2,1960,1086.5863356439968,752314.2220474535
1609.2477683630282,5,3,1978,2266.4365374439494,250931.01896562375
2062.0209038860107,4,3,1994,6129.468117317203,541279.085674166
2948.4445780825354,5,3,2017,7123.507211116437,426536.2969383724
1805.1596788502222,4,1,1985,1186.4063037957808,272936.8681725111
2343.505354724098,2,3,1997,7821.315066616082,428551.94840457855
2593.230518665162,4,1,1964,5929.2650235992105,421243.10231458023
1054.2880540750466,2,2,1993,4859.155803441258,300209.20622216165
1680.7937906652305,2,3,2016,3746.353684297662,414242.1318511267
2530.5433140794316,1,1,1989,8182.322153657997,524516.2389221309
1650.348280448747,2,3,1963,6794.012865378135,426703.1241088998
2207.312699633642,3,3,2012,5981.646903753293,287122.22454103956
1620.7592004375952,2,2,2000,3537.1949955932705,278674.6421486536
1777.2240482440366,4,3,2007,8228.362453800779,336888.5197637702
1716.3180971964468,2,2,1964,5060.702315909618,516869.3021873245
2318.335076847916,4,3,2014,5598.034914116241,236931.63641056596
2100.7900570997963,4,3,2004,5146.1187963550965,408819.67614712165
2049.4297225055097,3,3,1959,3468.899070757214,115629.86575624993
3253.7476189294166,2,3,1991,5639.441971833743,439191.7261294441
2869.8487035600333,2,3,1960,6393.877122916806,462765.634695621
1009.3781897231098,5,3,1965,4116.785179732756,654143.2244373607
1778.2951633907257,5,2,2022,5468.153321544622,488793.95805744175
3213.231837303496,1,2,1968,5116.998848753891,289819.86115844874
1712.704984655979,4,1,1980,6830.262658949327,119813.1053928782
3043.8729929375722,3,3,2022,4402.1174574627885,427129.47289820155
1786.8365925658698,5,2,2002,5453.141927368815,300916.6544907357
1883.0012147267184,2,3,1957,5874.338802651228,400115.35965863575
2431.7856795679063,1,3,1973,4356.865808444864,241972.23796862573
1954.8964124960821,3,2,1957,3349.290864640977,324020.56675293954
2247.312319787143,2,3,1997,3674.7877614957906,95002.20469411407
2787.4743496538194,2,2,1979,5818.380073057157,193069.08543855388
2379.4004669878846,4,2,2007,4529.367773445475,171909.46615074956
2070.7660660748497,4,1,2004,4502.821082828714,480918.47589232324
2836.7634208587965,5,1,2022,6208.295134031467,225910.36440871801
2438.3437379375496,5,1,2011,7038.983046057293,556689.511396207
1633.228418451326,2,1,1997,7383.431746689641,227383.4178051442
2990.0376167220093,2,3,1953,3774.9976837951854,664390.7101345689
2321.182796025089,5,3,1986,6845.491237595318,57674.860011677025
1893.1616155650693,5,1,1957,9169.966187097303,413645.26999282814
989.5912077070263,2,2,1950,5252.140399260677,355789.7048235942
1311.2118099676666,3,2,2019,4853.379613488014,168283.77289342662
2850.0674551999687,2,2,1996,4436.478165665199,267360.2646702501
2869.8326259852256,3,2,1954,2872.4856309219977,310807.7723170449
2042.64203436662,3,3,1999,6684.506992809677,387470.93900470546
1114.8779120122567,2,2,1973,4862.277511587472,209537.4951704035
1456.5123731746971,1,2,1996,4700.580355951991,413798.0582833223
1188.1158239752112,5,1,1967,6374.68687616033,367958.5774995771
1169.9443700431198,4,2,1977,6558.966101744065,466877.71409621206
3013.401184468453,2,3,1954,3798.313462670369,220645.69636853074
3029.958954207237,3,2,1979,3846.0713500391244,288600.0499545866
1439.576423217215,2,2,1950,3757.2887190280962,566317.756469522
1995.6325120512004,5,3,1995,9227.02860559589,214094.22615412276
1357.6019200340986,3,1,2018,7954.291973326996,141128.4920252103
1992.3809767499567,4,3,1980,6414.080845082537,255356.72553807538
2819.651941684548,4,1,2019,4249.177523678712,83607.54517999204
2539.3595254015077,4,2,2005,4486.141935363767,600934.021624754
2404.3313827486436,1,1,1977,5726.874646152821,307585.4997254415
1902.9101313685678,3,1,1965,9418.260466434225,309034.1921801641
2630.9835579981823,3,1,2003,5577.754318278526,461379.0435778966
2323.3343732916655,1,2,2002,6017.65115293585,241166.46754857968
2201.9577906578597,3,1,1961,-97.96213309427094,317610.4445975418
1942.2953309001073,1,1,1969,5515.157854593419,237208.45075024283
2159.1864697573333,2,2,1983,2212.2770664887776,86745.36341919948
2144.1257889346634,5,3,2002,4026.0101655167837,357613.6820728303
1729.2841774628696,4,3,2013,5093.771843479714,503859.1143437653
1612.5417331363667,1,3,1972,4395.796582145185,361894.24297552044
1501.546519834805,1,2,1976,3728.08015859995,487968.69860750076
1533.5684441032035,1,2,1966,3745.9061873354444,185631.21513996346
1905.9485622274742,2,3,1997,4577.903469683488,236894.11295858526
1823.6575505022092,1,1,1970,4490.583163056805,155855.44023651365
1689.6331266987218,5,3,1999,5040.545135973433,404983.6317967686
1652.6092626324173,5,2,1989,4891.043364312684,302358.7055026102
2145.940013058158,4,1,1952,7557.751914506171,296741.2126802602
2688.8037235871525,2,1,1966,900.7987121222932,450347.9284777324
1994.5421594632753,5,2,2010,5489.946380500844,279052.5524169577
1961.8345999796156,3,1,1999,5142.019220496961,511950.7570082555
1532.5566536433153,3,3,1955,4731.619303681609,385348.63819807966
1888.4650941046461,3,2,1977,3588.379149538209,295077.82387982216
2595.1681703046843,1,2,2021,4700.583030642953,117259.4992102063
2518.7305517544864,1,2,2004,1732.984883800862,449491.1417055541
2483.9868721371677,3,2,2007,5413.435784400834,392440.34463222884
2467.934414609921,4,1,1994,5776.1183368417915,399660.27136474074
2218.3662777824175,4,2,2021,3591.8630139671413,404444.54004539526
2200.6035817414977,1,2,1968,8881.38208423683,270637.08969149436
2122.3751633423867,3,1,1978,4759.111256503017,327293.88830485515
1791.557359973743,4,2,1972,5088.145646586782,281217.3094631034
2041.8496993077547,1,1,1981,7671.5633291003105,537509.6725615952
2107.7998418529332,3,1,1959,9284.246939736446,308731.9560220026
2316.584301658026,2,2,1998,2753.321172141646,257113.97130500927
2050.12824352258,3,3,2014,3845.6750422533187,547814.6117443561
3052.5806904862093,3,2,1978,4794.645662014204,531495.685250443
1395.093901471044,5,3,2008,3514.254620712756,385456.1438206411
2377.23784988535,5,1,1994,6692.22504270101,330519.75098790816
1979.3781466804733,2,3,2016,3294.0343278976657,293067.56978484854
2001.073141063271,2,2,2000,7533.206327093268,343403.8885694187
1593.712108844596,3,2,1960,6247.294498614946,218793.26251859256
2509.6716336243426,4,3,1955,7328.086372367967,422505.0411236147
2326.4207671605786,2,2,2016,3302.9921336432935,597875.4446139431
2416.8186984018457,3,3,2011,4233.011168160902,434392.9818102294
2084.6227024094824,1,1,1954,6795.971095568144,184514.55823466028
1837.5525926798875,5,3,1958,6433.186379001162,418265.1148952027
1966.7192257277716,4,3,1977,4426.2824780939845,379180.7845446312
2216.73282502782,3,3,1987,4710.935071294177,416944.22049544635
997.2119135401296,1,3,1992,4131.30410436029,227064.68831400076
2436.466433787729,5,1,1970,4657.111951045945,350503.60137169244
3213.0964073415334,1,1,2011,3069.318920946563,482464.83514930075
2240.167523476738,3,1,1995,2733.5650934766795,189500.31642359679
1859.536687896113,2,3,2019,7010.8610312268465,282631.51532700704
1919.3823726603653,5,1,1987,4589.191139833356,306821.95331286563
2353.7711754670845,1,2,1998,7302.655481761403,499755.06783064525
1870.8556683424408,2,1,1988,6191.969603438825,522124.88698677754
2434.3376356695885,4,3,2020,5624.021025213432,62730.16184840503
1912.929641434878,3,2,1979,3579.5565191897667,499626.3179494344
2857.091733312169,3,3,1970,2578.440452003992,526843.2624901141
2843.298068011094,5,2,1950,4086.1825625457072,517203.1141672854
1834.9151660295295,1,3,1981,8063.834814847102,270555.91409933066
1959.4880816306002,4,3,1957,6777.913725734334,315529.7077859313
1988.81556906083,5,2,2018,3899.1720256705394,114886.81036497126
1995.51683711813,5,1,1979,4108.879538524917,35757.03276980325
1526.2854774696618,1,2,1957,3141.8210388190228,295772.83922084526
1456.369657862824,4,2,1968,1905.8287749316055,361470.307331044
2624.878785773978,1,2,2008,5203.2000266090545,376515.42079806275
2544.8935071020833,3,2,2004,8450.154819432788,473170.9481221831
2536.260357088636,2,2,1979,8475.265400217766,809170.3677340022
1965.3108165298354,3,3,1985,6215.807919557206,290601.40026545146
2946.0058849948477,3,3,2004,3794.655119101747,191664.62931356626
1988.7655116627163,5,1,1993,2101.0395818722513,431920.20208809373
2431.4380869498705,3,1,1976,7094.124371285423,383336.3580433914
1305.6889927325078,4,2,2003,5894.433603114204,263821.7868770982
1885.1323342510748,3,1,1997,4367.543653378954,486627.8261183585
1922.0894722130915,4,1,1979,4033.4157953754548,228209.75229279872
1967.2562309891925,1,2,1988,6200.873155251685,330714.99207929167
1337.250516002157,5,3,1962,3346.7569643057054,339362.3387650245
2351.9404639121285,4,3,1965,5478.464333800084,207843.09465957413
2514.305155651689,3,1,1993,2560.3565064783133,93544.25303745997
1628.0703054385422,5,3,2020,9457.023172876456,382842.50185813784
1426.3292418393353,5,3,1976,3625.90522878341,555307.3232733535
1615.5291875530388,4,1,1994,6296.797912548933,494135.2783471965
2247.7493345700905,4,2,1984,2603.956707330093,504169.9373306164
1701.6983225458227,2,1,1977,4673.493681801233,230157.54562446484
1932.967375181812,2,1,1956,6769.237113526841,382110.43572354503
1463.2696276486524,5,1,2011,7201.9107612480175,136376.04281438337
2989.6432027507317,2,2,2000,6526.576526205835,375337.251928818
2036.5993140813916,3,2,1995,4723.511341353879,558317.6761212198
2574.857664613315,1,2,1969,3668.098007788946,562975.5685091112
2246.584917119418,5,2,1987,2844.6457629617216,654567.3001465295
1979.0599725174654,1,1,2010,8007.597175542252,498376.703651917
1953.168837555361,2,3,1981,5206.742479977252,421362.358381588
1637.3781616811075,4,1,1975,5576.4784541771305,481208.47736032016
1774.7684245581372,5,2,2007,7330.739707532217,452086.1239477808
1496.0988342007477,2,3,1988,6173.462567110073,228911.86288826965
1441.5670140335274,3,1,1969,4745.165493804735,122700.50291508605
3043.1877087756757,5,3,1999,6488.806896761026,482413.80791296286
2139.4561825409714,5,2,2001,3754.9073029765586,664002.2390837785
2732.85862085203,4,3,1971,1897.7170450366762,488595.7141807434
1602.968871481989,5,3,2002,7823.684484035699,66691.4426134167
1374.198203767628,4,2,2015,3921.5930405324425,272104.7233941481
1511.1108945205744,2,3,1992,4391.420074565297,320496.08451916627
1788.964057455152,3,1,1972,4567.83314974762,71593.50096958189
2018.24996591308,3,3,2013,3795.589280564779,143465.44373154506
1924.5316915780036,5,1,1958,7202.667723017197,344438.67587487906
1613.4045157566857,5,3,1956,5748.912387083922,389245.1566554058
2043.857504658882,2,3,1990,4392.426200405067,202097.8785950415
2087.6930622699733,4,2,2003,2448.662237930111,136559.05391845654
2351.138213775789,3,2,2014,5607.595630721508,528995.8818826153
2735.216151506269,4,1,1951,98.78064484393963,292620.6712431536
1818.0531052455385,2,2,1953,5465.492057138892,314088.17364732013
2607.740296817316,3,2,1981,7686.360889710795,267999.46362650883
2032.9687967139935,3,2,1951,5129.116819098108,234323.70613247712
1236.3405062911093,1,2,2013,7412.654607452059,545417.4915231565
2891.6354051979188,2,2,1963,2541.6448555244924,218030.54819443717
3136.2682209498453,2,1,1969,9077.082790577653,376952.5238865896
2309.5482390257757,1,1,1998,7194.570877083364,351305.64944768493
2044.8924822095657,4,2,1957,5951.931724356447,57773.9331714061
1864.2974699177516,1,2,2012,3803.2110902194718,386142.0322998977
1768.026015257796,2,1,1995,3470.9557930109013,118404.66522871496
2605.3506265737583,4,3,1970,4858.185143209242,445319.0163244868
1991.3633809759135,3,1,1981,7405.556458651128,172037.52054244847
2836.9698986223843,1,3,1957,2368.958338256647,428302.79158987245
2017.4312076645829,4,2,1965,5020.821019883396,285574.1232894832
1793.8266532882963,4,2,1989,6468.440543327568,248851.2879196424
1699.3497677441337,4,1,1976,6858.697634535107,381584.9685967339
1628.141957352751,1,2,1967,6462.473002123398,129221.13984235676
2257.072913203023,3,3,1984,2164.8129482625754,339616.90115551074
1352.7533225709942,4,3,2001,7263.555769041905,467337.5059910368
1590.8312583318734,1,1,1964,5134.387312191394,506390.66474366863
2662.241312920535,2,3,2012,2828.8096880540993,280605.36294143164
1522.725344587761,1,1,2002,4951.6635853192265,302502.15492389083
2431.3524609950086,1,1,2015,1082.669713375421,126214.63059603123
968.4940942495923,1,3,1980,6156.596046020537,237393.02571790526
2725.043521087876,4,3,2010,4744.5810669239,115983.4239635721
1364.8840804862268,1,3,2013,2459.7686875083386,416011.039285277
1561.8031282626207,2,3,1983,4419.846787314891,476325.00795941055
2340.1712889931628,4,3,2004,3585.0695619130465,281866.3742275596
2135.2040671040245,2,3,2008,3712.8323621015834,191265.1776958128
2447.4937180474035,5,3,1952,477.9341678803312,396228.7660369511
1360.8686853712125,1,2,1966,1655.6731599306618,219805.1440272616
1856.5972953332305,4,1,1995,4540.602017285837,450790.8303269893
1691.4608953947813,4,1,1987,4196.498809977279,640314.5424055334
1444.9056009237884,1,3,1984,6947.956323627454,217335.04104478678
2297.948729260183,3,1,1950,3736.4340426590425,238748.6595664479
2471.5257233033976,3,3,1978,3946.037360697461,131064.39476856077
1831.5668974797331,2,2,1953,4039.52016834672,371916.36399918154
2761.355649648085,1,1,2010,4605.940548401811,361718.6102897199
1607.1498895608288,1,1,1966,5182.928134047935,309416.10559059464
2749.2336620685205,5,2,1977,4187.344778337481,352422.05713284074
2281.119529879133,3,2,1999,6142.44297491915,193448.75269172565
1388.2164072624946,3,2,1957,9600.441947257184,100520.04847938337
2990.7621335413346,1,1,1983,3349.1122103115304,236139.53358641843
1777.7612334044863,2,1,2008,5783.660020345592,62671.59258903476
2602.558869807225,1,2,1967,5059.052492562647,217320.76551069578
2072.824560964816,2,2,2008,7094.069064893503,396459.11614867486
2187.220612225916,3,2,1976,5405.999805811598,358949.7778469822
2450.603390246154,5,2,1965,3547.0976192492835,83932.59043793665
2422.925592234502,4,2,1959,2669.8925052966515,507401.9818395548
1828.9267184382697,3,3,1971,6220.979208184391,320814.36537837074
2265.8327979692976,2,2,1965,2832.396009459564,155101.45973258157
2228.299924349251,1,3,1961,7367.480972336201,295346.7635170206
2106.780599844623,3,1,2000,6106.385375448377,262548.23767864576
1898.3417330851355,5,1,1950,5173.418300290204,219839.19452880643
2105.7824165971238,2,3,1976,2375.4899344810524,471888.90557863965
2983.77037309793,1,2,2016,6350.646286225477,184051.2530649254
1852.4863239429212,4,1,1961,8233.532149627415,377696.9237754803
2603.2937099021046,2,2,1979,4149.810383862912,148802.2714908799
1690.181788041768,1,2,1958,3516.185325345539,344465.58603609295
1559.342668838628,4,3,2002,4815.948415343548,389813.4021871966
3638.1996725565,1,1,2010,5933.884543863762,390100.7420129676
2270.0120984946216,4,1,2003,3937.5615740005424,362120.9208060859
2283.756730644807,4,3,1986,6798.396291980016,314147.7125393119
2297.613885917101,4,2,2014,8821.43594854073,190385.87728593496
2703.649853267294,1,2,1991,5660.491767035867,192117.231597969
2203.905007308877,4,1,1998,4350.027793963348,394824.32021177944
2408.110936278596,2,3,1953,5880.007549697825,160788.67444946314
1470.7158608717386,5,3,2013,7354.599126002212,126393.88585264326
2491.9617686222264,5,2,2000,5319.273257104033,564465.4723870277
1881.6197209812294,4,2,2021,5970.190062206402,311042.4654477574
2335.8712410959365,5,3,2009,6409.532377484586,445252.202910702
1142.4400226526523,5,1,1980,3249.1082882918067,481023.23193285096
2315.0897961825567,4,2,2021,5918.242682819217,357669.0491197143
879.0518226125857,4,3,2007,2316.1023916484014,293483.4930710537
1862.0422647819116,2,3,1953,3683.1377238058,296032.2174043441
1147.224204550197,3,3,1971,7291.324802572589,591204.5858403367
2316.518363125263,1,1,1952,6742.070470621532,266178.82533080626
2034.6349405879375,4,2,1996,4459.639979535182,376464.7768650455
1614.6062984798618,4,2,1987,8411.586866891463,451597.8719898667
2717.204022517414,5,2,1982,2379.619839199815,387606.4666786126
1551.6667528333091,2,1,1997,4589.824614086132,512657.54468912096
484.40308375495556,5,2,2014,5550.208578624859,292007.5979505817
2256.817516932576,4,2,1975,-616.4944514380595,451002.5284113606
1116.7006402930256,4,2,1957,4684.674851047808,80808.68872361851
1567.4951784945788,5,2,1999,2751.0035335433754,552037.3195804993
1741.3267135303608,4,1,1987,2796.5258742697724,518472.5150722548
1288.003075151994,3,3,1959,4455.540231260284,304336.1031792734
1753.1362069708896,1,3,1991,1348.6832593979389,415825.76551346603
1297.3590563725552,1,2,1986,3384.080432880915,483659.74541937053
2081.1915925665235,1,2,1975,1395.4352879895478,194337.06080912435
1385.6273721239056,3,2,1961,5247.574093556607,328321.0856655969
2015.0731993910074,4,1,1998,5208.694463602363,154137.50341376718
2581.0038521356055,5,2,1963,4302.904057081231,520762.4639540565
2391.1863851460816,2,1,1995,6992.890327720002,473414.09312437463
1959.144653929211,4,2,1984,4407.67482981187,307857.66257782327
1505.631340790091,3,2,1978,4953.838988525444,290463.0051268417
2079.5885579612905,3,3,1961,3187.9984938387715,327656.51587475796
1652.1404377664571,1,2,1993,393.451024815854,215411.39973862004
2100.561729350763,4,1,2015,4709.320574713154,323894.36354577704
1142.3573912735003,1,3,1951,4448.103479291476,194340.3833023645
2403.630528167821,2,1,2008,8419.817362815415,484749.66742682614
2016.6082815065738,1,3,1966,6334.892047966438,520540.3559831892
3104.258340004587,2,1,1959,4173.757761047398,491778.9482019198
2653.030730921363,3,3,1967,5283.326049478552,170870.0240770874
2283.093468210528,1,1,1971,6814.035927339308,318732.38325960457
1938.0035131462155,1,1,2007,6033.510053979733,437709.36367138074
1635.1978181491672,5,2,2002,8337.811668661567,465313.7055831369
2471.2046475170673,3,3,1950,3421.207161559565,74170.27489283471
1885.265104340144,5,3,2010,6950.068413907502,461073.4400615799
2584.18231647415,2,2,1980,4154.255329331791,163509.76870410665
2200.411581867643,2,1,1980,5387.2329895339735,326905.34290453256
2203.9985636248816,3,1,2015,3884.6460104536563,538623.1486384183
2297.2630634839807,2,3,1968,4715.983653972546,518310.551734512
1540.1865307812213,3,1,2002,5423.124120557911,548919.5284621707
1488.9318780631886,2,3,1971,6186.507128555619,190059.4442919348
1471.6452758183877,4,3,1972,5122.714282754649,227106.45716353712
2523.748457437995,1,1,1964,27.700643059527465,265579.84361930005
1527.1392062407635,4,1,1975,4846.102483400878,328033.9131927961
1589.4201459023318,3,1,1952,7940.801524640305,382505.1717209852
2268.7585634865713,3,2,1969,4830.256407061244,541588.2426461135
1873.975437682572,4,3,1989,7996.963680253428,210708.18002465085
1810.1028789540221,1,1,1988,4759.60651146609,255672.02201858241
1766.72251558654,1,2,2021,1856.0371584007758,563546.1605055094
837.184161079326,5,1,1967,4134.090307870482,176142.8185339204
1516.5592370179909,2,3,1990,3883.132629166029,459027.8748605753
2590.7815684410457,5,2,2019,4540.9338753303555,336702.83258034533
1730.3009492330136,1,3,1976,2629.3631151954837,408211.0600679638
1049.75514699113,4,1,1964,4982.357066193692,228294.33454658074
1496.0028805657548,2,1,1986,4343.480318666324,456076.4431120795
2179.926982377498,4,1,2007,7575.723714757183,251868.72957009374
2170.017304602869,5,2,1954,2579.5257561766502,137060.1554816034
1852.8596937193252,3,2,2022,5491.337373269296,422005.8726815101
1655.3979764574833,4,2,1956,5822.056245234884,-25463.30852343957
1298.9020071219784,5,2,1990,6549.96177801523,264799.7269822579
2184.092518206004,5,1,1959,4272.824246363142,393670.7147052907
2418.9352088338946,5,1,2011,5441.601989185073,463667.0216560865
2644.4400010259224,3,1,1975,5706.556250892564,533977.8794377326
1444.7063206549783,3,2,2017,1703.272399011305,616631.7325216476
2682.761490203094,3,2,1973,4344.598817089069,570762.2329578223
1971.6939563677715,2,1,1990,4934.669872266021,378732.19302483986
2013.285981702153,3,1,2014,5169.156440234912,518842.6665999328
2446.7960203157304,3,2,1966,5144.677984590947,376416.9676414286
1729.5230482601337,3,3,1973,5875.04258461593,452885.84396934026
918.0984993254858,4,1,1976,8875.209853988325,260098.03772162797
2352.4307740978807,3,1,1956,3809.1428525100273,419311.37239972106
2174.2853721475367,2,1,2022,5762.343545106482,279013.0666583908
1819.861576561512,5,2,1961,7602.606371998756,323968.389121739
2311.265671968597,4,1,1952,1402.7227600774468,419784.33446891955
2413.471730232598,1,1,1959,5536.262159528221,663706.861608675
1243.9968439692118,3,1,1982,1639.2413870165742,409215.5600450295
2011.2564871988639,5,1,1995,9371.15548092507,348243.8099731247
861.2186965754579,5,1,2008,6044.1014685957625,225233.56854561495
1938.1534052441086,4,3,2001,5774.18131560872,484430.2377005954
1813.6288779856554,1,3,1955,1253.2519418589955,299681.000463568
2245.9545087136203,2,1,1951,3991.0163610876143,406122.89884806145
1463.4723851880367,5,1,1978,4000.4078828504544,455291.3388200605
1789.2567320742407,5,1,1989,8532.911107837577,539616.3662843753
391.97140037143186,5,1,2010,6458.4024737115315,476355.8718529481
2278.7519105169185,5,2,2017,1694.1466051675543,166481.29512401533
1955.8000416029631,4,2,2017,5939.004504703933,92420.23101610722
2043.620718910305,1,2,1978,1994.19143285553,455220.7574977637
1253.284631982637,5,3,2011,1741.3335847114167,362900.6592739995
2199.0310874265024,2,1,2009,5906.844167387153,408720.43893055647
2826.374851757113,2,2,1990,6489.538261972883,607963.6364226647
1907.5436405619048,3,1,2014,5917.507180064474,257511.78661842435
2325.044454040822,5,1,2013,8759.165164162634,543711.386469373
1564.6894884370577,5,3,2012,5737.505072655423,259000.51341052307
1961.5719049764723,5,3,1997,5340.18841754614,584790.31138866
1234.3296930209162,5,2,1969,2567.981123316499,462577.77262363303
2394.0609023467314,5,2,1986,6715.227357305497,123930.79656272731
2079.9202885826985,2,3,2013,1697.1114992716193,287408.19542365574
1390.3568070869687,1,3,1954,9040.738147635833,637350.2087698283
1599.0689115809591,1,1,1983,6741.595884519758,618528.7726067964
2030.5430862991564,3,1,1988,10579.594706588792,440633.20834821544
2461.9325079820874,2,2,2016,5778.656217149211,403135.2101793812
2739.763601759259,5,2,2011,6840.3321221813385,385960.2008962173
1932.9373104774215,1,3,1973,4445.657780034657,415554.14853551774
1317.6756630653097,4,2,1952,4913.440824223732,328879.93105377315
2119.2325701618975,4,1,2020,2896.9321823533887,531652.8889061302
2892.441199516176,4,3,2016,2104.5827028646613,436677.47970018786
1188.6257973387426,5,1,1999,5378.995613826641,205196.70716965527
1522.7021753555346,5,3,1978,4901.634987652336,448248.76817931666
2305.4821721233216,3,3,1981,2848.0525678030167,374747.62716944946
2076.799567627083,3,1,1988,3202.5365153567063,303130.7223237859
1727.4901358675993,3,2,1958,5064.9399814159515,634779.0280034102
2110.056936650726,4,2,1963,2813.7565004368344,365565.5781621138
2488.772600927158,5,2,2017,5713.290158950282,56474.04028641258
1950.8318289037504,4,2,2013,2875.8216657595194,313799.31912901066
1906.9961528539518,3,1,1969,5511.708959852296,499023.2703873387
2294.5120849628584,5,3,1977,2698.5757758797727,211028.76802490576
1864.7425590479018,2,1,1963,2706.9688463495204,493925.77559744637
2571.261780439065,1,2,1993,275.5376803196159,200346.71054527257
3013.3698392421757,1,2,1988,4679.44202003178,550501.0495577455
1553.529015935169,3,1,1977,7908.129534606982,264114.9741268559
1374.9872336079754,4,3,2013,7794.661627832532,297231.3067785477
2185.8596193450217,2,1,1981,5648.135006921827,286111.2812028998
1357.247738486049,5,1,1958,997.9710352129141,439617.90143251815
1348.7112605232314,4,1,1977,6687.750386467849,626617.9327521686
975.397114838079,3,3,1966,5451.332547041894,352225.0081947079
1808.8738762140624,4,1,2004,4186.993680617321,348364.37702756573
1983.504848586375,3,1,1959,7414.732255827322,264009.71209411736
1741.3185054288836,1,2,1955,6230.8893736170285,105898.02897749355
2695.1665917660857,1,1,1997,8923.098085571777,278971.54228945344
2657.9436335230585,4,2,2016,2188.7223321039314,161149.6065599345
2964.4219820108783,2,2,1990,2345.1393855307,66902.60535218916
2023.2642329668543,5,2,2009,2682.0410985350827,338450.55305720627
2591.9095292553884,3,3,1991,4429.956978617512,268610.7187438181
2154.4263243935766,5,2,2020,8176.34450959282,556485.8649985343
2104.1911562598107,1,1,1977,3752.8149492924576,221659.66672883887
1766.3069623522692,2,1,1962,3795.591638883532,450555.1108810278
868.4266046224279,2,2,1964,5834.583867029244,447623.3978628184
2318.6457275069947,5,2,1985,6686.310895589009,550569.9642799371
2577.068118264012,1,1,1964,526.4168113706764,322366.13104593265
1237.1910358508753,5,2,2005,7079.4297523771675,547856.3650041888
1995.150668908696,4,3,1953,3689.567388130058,434142.00471501227
2495.823584207285,2,2,2001,4795.150572079746,520892.69453342876
1820.250611677291,2,3,1959,7836.528265475075,709123.5113751465
2596.551836666134,4,3,1994,4567.1128014110545,331516.48806069023
1929.8584833213158,1,3,1978,1936.2589596281841,375621.42857270007
1737.4207346508697,2,2,2002,2052.1893981381095,295727.58664929616
2625.143456470617,3,3,1978,4941.77623774128,581346.4456498935
1533.1231319299513,3,3,1972,4331.270529670492,740697.9159352761
1637.5479840876033,1,2,2006,5118.946348339068,460124.7653080652
1552.2270576413468,4,3,1999,4197.444037940724,108487.81328316964
1428.7023652563685,5,2,1970,7482.853700569743,217533.50817698875
2076.516958687194,1,1,1992,5049.53447963014,523938.4847215214
1743.5326991107486,5,3,1959,1474.0446859479225,178346.54502995676
2244.306548208229,1,2,1979,6633.065983726816,259920.10526705935
1132.679832234238,3,1,2000,8812.541888320357,254658.85262059895
1438.725954747792,4,3,1982,5309.86196237639,338427.4339431617
2025.7895447631852,3,3,1967,5465.10072688065,388506.52540293965
2734.840298601858,4,2,1971,3440.229975874583,66585.2834290081
2189.2510744587603,5,1,2013,4515.098521085803,120884.1879633471
1705.3047025747785,1,2,1970,6005.740018986501,124464.0275626595
1255.2343233098513,2,3,1950,7263.5801319578495,142395.85461291074
1676.076975796953,2,3,1964,5892.00055786081,352401.0310201922
1978.7579387285898,4,3,1985,8636.081757077949,379186.70881503966
821.1540529784554,4,3,1996,5196.94062810217,501977.63472909445
1393.3149648760427,3,1,2003,2756.608992962939,433239.4144123727
1631.2220176765138,2,1,1981,2813.889218422444,262661.3930382434
1871.2956964075195,3,2,2007,7468.823463755405,384489.24176311784
1972.8317601256476,5,2,1995,7014.203949242197,508134.2263344802
1694.5661108964325,2,2,2003,1710.7918633062304,315892.5973227383
2252.936591101459,5,3,1982,4580.983619128206,303437.2054758544
2062.3534515152323,1,2,1988,4653.612382754975,208256.4072527891
1814.9683577474102,3,1,1972,3496.934283404281,229276.12773724456
2321.887690468966,4,2,1992,2179.2538911029214,452836.1406111313
2280.970308255067,2,2,2004,3452.791668803441,349426.3263871894
1273.1007246268637,3,1,1951,3093.302877370087,643758.652650926
1983.9862154206776,4,1,2015,2227.0630715537523,248493.91815914706
2445.1302657336005,1,3,1987,6658.130640331547,464205.97484871565
2528.744639651089,2,1,1978,5565.893141484817,407961.37263082596
2185.4543953176435,5,1,2016,4071.7546771760944,336593.8367938918
1883.3557191268033,1,2,2020,858.8629763393974,284674.6965723237
2210.659897116218,4,1,1985,4401.84778133036,440015.28075170715
2403.886715645892,2,3,1978,6042.111249161112,431401.0678036323
2057.9159745047823,2,2,1986,3527.9120424620605,380298.2688540635
2114.3020727892103,1,3,1994,2700.0684387737774,413845.1605669503
1875.0984228323405,2,1,1965,4753.955965398649,355473.0149511799
1331.6073994581602,4,3,1980,5670.1376561729,103822.88916988307
1912.8179398739223,1,3,1983,1000.1382684559699,362656.02541490935
1661.4430270597331,5,1,1999,7708.018275773103,309717.43860129133
1663.0393111684793,1,1,2014,2501.7458855263767,641936.5276099264
2716.917244580078,1,2,2011,4154.434558705763,445007.8450645395
2475.77868886525,5,2,1992,7362.542064404899,380226.36922986386
1153.2504545824636,4,2,2005,5250.718111235783,419424.51098400017
1457.56061186183,3,1,1964,7192.182868319884,196532.28055824575
1818.2189777237159,3,3,1997,8107.357920891387,258534.7056665487
1679.6838849320188,5,3,1998,2080.6479296846305,299781.6613577665
2158.7091367518956,4,2,1993,6804.087810765728,408263.37554611306
1378.2074610963991,2,2,1959,7650.9737083696255,284787.1569112555
2479.2659806493075,5,1,1969,4248.388904346431,274784.2195595882
1977.997227529087,3,3,2019,4407.57194689955,189820.44969487458
1829.7439776444116,4,2,1957,1173.912369090573,353768.1632826903
1992.8402786421134,1,1,1994,6562.158903499467,374834.92893715843
1791.2459632424843,4,2,1983,-69.73663070288057,414278.4943620639
984.6787146369483,4,1,2000,6937.615628126734,245597.56691720488
2005.962990385738,3,3,1953,2164.6611972685996,405616.36274291796
1839.626805682721,3,1,1988,7781.377403190886,193958.84349349633
1522.7714936736236,2,2,1973,5792.5468700486845,317140.4308258139
2548.7149157082904,2,2,2004,7017.935395231382,395235.8204128196
2334.7190066966136,5,3,1975,3374.446058338959,311193.16589289525
3219.4283532896256,1,3,1974,2333.092809614507,115723.33249771842
2417.414250596227,2,2,1985,1472.7556723534176,133605.1108652752
1678.2824664848617,3,2,2020,7182.4060244517495,383134.23020111053
1547.1053106991064,4,2,2007,6325.88013812776,436947.70351226674
1752.8471993568226,5,3,1961,6396.826092148541,400897.5183188083
1666.6856921606775,2,2,1950,5582.884742157681,440561.33138567494
2054.391681926983,4,3,1999,6087.743165176786,307918.6271195326
1230.6013114205002,4,2,1974,4416.669902866409,460766.2866369873
2323.6432820230157,2,1,1954,5740.601267688857,400409.01192334056
2045.598184685714,1,1,2017,3286.3261209604193,254081.4852342891
2266.232153894348,1,2,1955,4314.533802254624,427168.0567090427
1427.9267614862385,5,1,1975,11086.658990998807,394407.5306201744
2123.344385168028,1,3,2004,5077.842693865267,600874.1131411383
2649.588290434818,5,1,1988,1056.758274287673,556897.9930231237
1569.746374449892,3,1,1958,4182.8199887921,336154.4677780829
1556.072146261397,2,3,1994,2884.9552382130614,287347.9096564596
2355.978733358633,4,1,1963,5318.437029431767,583866.687963218
1515.4744742312084,5,1,2004,3221.281774352672,432730.92788827716
1883.3580084213654,1,2,1958,4576.3372468878115,323877.8349846878
2737.8663394961723,5,3,1964,3520.319967457017,51640.736475678044
1563.1655540386869,5,3,1986,5394.368236394033,236675.08274493407
2772.221049437133,1,2,1999,3745.2023484337287,226245.7884845588
1832.1091290229347,1,2,2021,5713.760144998074,328042.90599692974
1439.399336580575,2,1,1970,8897.162918097441,442777.75051319756
2301.8520775613138,4,1,2006,2691.1755668740475,465687.98364833556
2053.8740673130337,2,1,1968,6447.710427236939,575005.3527933965
2006.5901304433446,2,2,2007,94.34047474622821,489709.37565053266
1615.6408697408174,1,3,1955,4534.457125368756,154929.81277685234
2050.226475226057,1,1,1953,5457.8095519011495,504501.13693106384
966.184722955825,4,2,1992,3503.9746323231957,609998.705791004
2109.3823683923856,5,3,1991,1425.214353987301,602571.2115530903
2648.624600093027,2,2,1952,4923.92044246026,168070.48260376346
