study_hours,attendance_rate,previous_gpa,extracurricular_activities,parental_education,final_grade,grade_category
2.771837283533825,75.51047172231321,2.9355613106556233,3,1,60.311215004934496,1
3.7381383325244197,75.93097125277939,2.7454530973442153,1,3,74.83231326783176,2
3.1158796328515104,61.49544147375639,3.242679953776595,0,1,60.88969672544228,1
3.9040083625177244,101.7286820189853,2.575447574504888,3,2,68.80315671346031,1
4.571699378577622,76.36020150923922,3.1528327843212978,2,1,82.18768739117242,3
6.674308972662769,83.7346742025294,2.6343727155935217,0,2,77.1753625870874,2
4.357681922588595,75.89675658071717,2.551170307362473,1,4,90.87712158178445,4
1.8287485864608146,91.9516524833014,2.681256282587494,2,2,79.41251307002403,2
7.280135692990321,81.2436633928266,2.812296276758019,4,4,80.29456124584301,3
3.325819732769921,71.95183109567051,2.9755850820331484,2,4,64.31566071290581,1
4.882559145790743,89.4166256418606,3.1177278975555573,1,2,55.03340851887906,0
5.893073013881423,70.66269975189772,1.155817354285778,2,4,68.80616782484203,1
5.399220836805566,76.62594274684508,2.5961747211266175,1,2,64.09222676020697,1
7.1883590950429515,63.93110885373919,2.8042150113219804,0,3,72.49848553688271,2
5.958006286785518,70.76041887802393,3.7525310193041648,3,4,59.0094245567191,0
3.277380840605784,86.78529169720478,2.4599986958089337,4,2,87.6373310585271,3
9.357124347983323,65.35463961897075,3.0813983090499564,3,4,64.03687610229734,1
5.388666926676467,70.18854275378284,3.747515154867919,3,1,69.54346467940275,1
4.7053195467569875,84.97631083867192,2.3435157350263633,3,2,74.69711845539351,2
6.927850846111141,79.56393103906947,3.196987612932201,1,1,91.84765419902524,4
5.498901891860145,104.92036635959309,2.5988640830327396,1,4,101.38039255432295,-1
5.798456385878654,103.33896546024376,2.7476831288553827,4,4,102.41162911670693,-1
9.984367997201375,76.32077537248847,2.5984445830233427,1,3,55.77306569472887,0
4.449757143489907,90.57137618403482,2.634071345792057,1,2,69.40289285692505,1
4.364478211965208,92.49282556879452,4.360956073953247,1,1,66.54920324321546,1
5.233157024024927,79.02521141975596,3.4222279360358328,1,3,80.55463691588413,3
7.143031871162077,70.04458463501797,3.5508689308931043,0,4,79.63923904820389,2
1.9869319396192018,84.87701550691942,3.245996743418248,4,4,66.25497227451005,1
1.0688882170469896,83.27154325185889,2.196871605799021,1,3,65.07095386854937,1
3.825769458759705,80.64235503029381,3.1974789851616534,4,1,60.03849391872379,1
1.7321540818814256,89.42316868164485,3.5364648072536733,2,4,35.18756481435216,0
4.150337304948723,77.49270392994401,2.5733002629804442,0,4,55.52753199700896,0
6.004999392258581,73.48002452420857,3.4826633335805632,1,2,88.0016199777692,3
3.218502272895473,86.09082970349831,3.3521681049270393,0,3,96.97056725611868,4
2.146346846437315,88.85970092568876,3.926020022406835,0,4,95.21786380893735,4
5.1386743234306955,73.23355056099948,2.7911084937431907,2,1,88.63850913274456,3
6.7250869692303406,94.28090610991082,2.4511945088621365,4,2,59.820870802276126,0
1.6100531229667747,67.29518862223922,2.8191859453137273,0,3,57.28166328587427,0
6.640464796611968,79.21886541284357,3.717785496581812,3,1,47.83465285677013,0
6.634612407476652,82.41991463802391,2.0857970595790185,2,4,66.25204263174419,1
6.908170204313256,78.6377628734807,1.9658121422844839,3,3,76.30659328958957,2
7.4369604297433725,79.34939526448808,3.0446976394658067,2,3,59.883235921234736,0
9.404027849319231,103.71074482308114,2.778705353612922,3,1,81.46632110455653,3
4.287815902761889,76.49115910961102,3.0038639465878423,3,3,84.77786654273402,3
5.219143160155716,109.41221722471914,3.4726558856179324,0,1,67.88264332877442,1
4.167123133503949,89.37126779731052,2.7237153269405736,0,4,54.89973408114672,0
5.003953689511621,85.92055137311992,2.06349708453469,2,2,95.71389845701947,4
8.065746711272624,89.76240353387666,4.022240778599972,4,1,75.52713336931308,2
2.3099710321386624,110.29927749251952,2.5013858562806117,0,2,104.11809012398882,-1
3.277900655668849,75.06406996068552,2.4704814389939513,0,3,76.38568724088103,2
7.754361873009122,73.79582081063612,3.551860006861298,1,1,77.43319375869336,2
7.04007301380418,77.4513380342808,2.807755439479241,0,4,60.532547700155966,1
4.273736706365844,85.3214314696456,2.9683050739825947,4,1,68.6468499991383,1
6.70880400224144,67.74228875187427,3.241395062030159,1,1,51.61795845873124,0
5.682431684984066,85.22339239318607,3.541791551554998,3,1,54.84563455072833,0
8.000549218001975,101.93547133413672,2.833269653409114,3,2,86.11747570989807,3
5.149019187653545,86.51407390624777,3.7599760029571496,1,2,70.76124925324525,2
7.051264227745165,82.07314541024724,1.9321000756325972,1,3,68.66012957074318,1
10.28402382098524,78.81839551316372,3.3798936184765385,1,3,63.8936102896931,1
6.196198310094933,93.98511704551565,2.5802362209911713,2,3,69.21714443334582,1
5.098656331589687,76.74167226761952,3.6861356583039955,4,3,91.99595162410759,4
6.444893970441958,103.46395920599248,3.0710222394152726,4,1,77.16332635309003,2
4.26943828359223,104.33359747714357,2.6635473339952993,3,2,57.2997767985857,0
9.775935411049463,87.56750798661787,3.331420546510816,3,2,90.4557704083349,4
5.360142075391963,84.88484911923355,3.446594173603626,3,2,100.87557884697024,-1
4.454133359548974,95.30659808241559,3.3209470614293193,0,2,82.42057002075335,3
3.3286219899599274,95.94798502227326,2.4851518801834698,3,3,88.36935317683242,3
7.194440383212877,76.94008268940584,2.7579914381889576,1,1,93.31174376053397,4
6.734374825655477,79.73444866863298,2.9979635814392824,3,2,50.150926222734114,0
4.005291257171813,71.77652565316704,2.97937017367497,1,4,102.96405551828508,-1
6.152902690244845,89.09064938334058,3.3748727377191736,2,1,91.48221106015802,4
1.9828880635742872,91.66627883456891,1.9925493837466959,0,4,82.33282051369392,3
5.369941150146312,71.50074362138727,3.1671635272767515,0,1,73.11809191271745,2
5.905512704153389,80.44801095183841,2.85500932278168,4,1,54.94136376121732,0
8.414659619118446,71.5274608241865,2.5807496918080237,2,1,70.02898344455605,2
3.458362394542621,76.01200189756162,2.6287566111152003,1,4,81.72595524794421,3
2.4432947423953513,90.51017060226299,2.8927311677410183,2,2,58.43462431440578,0
3.2091440781499165,77.66517933321721,1.199457447770241,0,2,73.95379098928898,2
2.32686299937016,81.99174043967702,2.649355214604225,1,4,57.24687943783614,0
7.673314715517966,68.72688272052685,2.562092587676853,2,2,69.23063735903729,1
8.097278590048074,86.86990209724664,3.266391604661312,0,3,54.710589506139215,0
5.640433155897658,84.55726680155351,2.5972366587447397,1,2,53.13335868304198,0
7.442589891370297,77.71040749966838,2.8924430999147552,1,3,80.10134117195855,3
5.26791676116047,83.10985702317525,3.771138313830651,0,3,66.30363662399326,1
4.809776704598468,86.80294880503445,3.497175759907712,1,3,67.7131410538728,1
4.333924761892477,76.85131851090657,3.451135699971726,0,4,65.4983454784368,1
4.379218017244869,70.23737455998221,2.750063784794574,3,2,115.84676981439648,-1
1.9043968873819375,103.05574432686815,3.271516139644826,3,2,84.11050628558681,3
5.528509527214678,78.66727295289728,2.883051099773203,1,4,85.7211530875156,3
4.919332179571913,84.0323989681311,2.9019533946615312,1,4,63.36876695540158,1
6.490721448155751,95.10839735020313,3.204842671873275,0,2,82.57126032856996,3
5.187046992877219,120.29055187570484,2.7015032057895336,1,4,71.5841849538287,2
4.6745925968618165,72.55513550111134,3.7465015522216016,4,4,63.248253886494076,1
3.2576139399847386,89.4982721372651,2.9199349302010313,3,3,103.93637101827855,-1
5.144306473643523,77.92447714705894,3.3091802831298325,1,4,83.59187043314438,3
6.476474461632324,79.6120969542329,3.727800239628649,1,3,82.83507945708278,3
2.7133220178322786,77.7978797899321,3.5158268872875875,2,1,60.423995688424164,1
5.174947507361479,73.74345032199415,2.2955404486547377,1,3,55.9468613491958,0
5.466085903058968,84.58708638215339,3.222447947504942,4,3,74.13672794642761,2
3.5638704327634714,70.25497312951765,3.4253596972303235,3,4,66.39728969219357,1
3.8242873901839998,94.4680756651187,3.4459315110803743,2,2,84.18961413881561,3
5.461221697532429,85.55002936033375,2.4433525829426843,0,1,85.18891321333072,3
2.733157963414754,89.22434972901439,2.671482381491338,0,1,75.98254902179015,2
5.699847430498785,80.33811388053778,3.4972791178708107,3,1,87.4156976037413,3
3.2092912526816,81.32796065788251,2.619119814658677,0,2,77.8995659715899,2
7.125707386066432,87.87563905167328,2.850151971667843,4,1,61.924655766467865,1
9.675655490776599,73.35949367594175,3.7879379047509847,1,1,72.02587924928518,2
3.2784863965963607,81.42009565586665,2.976100374807605,3,2,77.03599563880653,2
6.068415724749349,76.40386486121545,2.6366129310830786,2,1,88.9338759096277,3
3.5465161902359617,76.09431189408986,2.5611913215685473,1,4,78.3742626665873,2
7.081908347595579,63.90161759374358,3.166359664792594,0,4,66.42824093018622,1
2.46948318182957,98.3932658948,2.3334259957613956,0,3,89.49256958921482,3
5.961173516855426,78.13461246846231,2.876332018051791,2,3,80.711337686219,3
3.2540220662212946,96.6337605516355,3.1666152674950108,4,3,98.18510588379992,4
4.586030821803263,95.68792321394292,3.6495749102738335,2,4,76.30916203428325,2
2.937949449705386,72.14000293483507,3.333774040184998,3,4,59.44006929345421,0
6.644700941791507,74.11588764327155,2.642967441008911,2,4,92.6546904532273,4
3.326039291120826,110.60502959355684,3.58920965878186,0,3,66.34815054805122,1
6.103928518663655,102.50925941927143,2.8502424812262612,4,3,79.43136190501143,2
4.311803943475335,84.68481486671895,2.3821484889752957,4,3,77.78575034053446,2
4.771055256402274,87.5737310641735,2.9139793203672637,2,3,75.68443994981796,2
5.295511814800257,78.69153597052811,3.719084600572851,3,3,72.45270041734202,2
3.4763506566823024,89.3235271420034,3.0826200250324627,0,3,50.217838021667745,0
5.420734227081774,77.82818099277529,3.006260932164893,1,4,59.96844113054354,0
8.060669128708822,64.67646235701615,3.8186058223514268,4,2,91.83198483345714,4
3.4438104283345714,71.78444213488949,2.2843225764727864,2,2,81.4320107666139,3
7.34362028654769,85.21092747850587,2.357200442973614,3,3,103.63945575939695,-1
7.996195266975569,73.68932764497413,2.192076764516584,3,2,59.43442766948287,0
3.367690021943912,84.32722535086465,3.1863240932400276,0,2,74.54015841971344,2
2.089890789818896,74.25338960567137,3.0832465635575623,4,4,92.44790278442065,4
5.60392180034353,77.17646077498006,3.771368183639888,0,3,66.51264734469483,1
3.905184954466254,93.53165306413192,3.121737538568385,1,3,67.7194943383362,1
8.737206438326005,87.47480547640104,2.797921420260349,1,2,70.59990203041895,2
5.0696150809996645,84.90335578686653,3.0008974364390535,1,3,68.31978307505173,1
3.3956011839296414,93.78963973070651,3.058853709230479,3,3,82.97696097720933,3
2.705680977976577,89.80608593347347,2.1641193633359164,4,3,48.296847452761085,0
7.179809918181661,99.46563291251367,4.3551658221674465,0,3,99.6408886109695,4
3.8576320518316267,80.4014073768486,3.2599355090509556,0,2,60.60505010166834,1
5.087657598920856,80.70365021472492,3.1050041540112945,1,1,43.242424680073256,0
6.911605490224962,71.98890733608656,3.30758199213929,4,2,74.84640903274163,2
4.031483296138339,80.7101928262758,3.3547054902933025,4,4,69.33898553919776,1
4.908142342519679,94.64769894302445,2.929723257248784,2,1,72.33030376751081,2
4.966863180354959,97.99987372262134,2.6843794318796497,4,1,79.68864863003347,2
6.366649023032184,94.60305168086668,3.299725343160852,4,1,84.67261934331339,3
6.181488671020651,67.05808133450563,3.192855420265726,0,2,100.29977030501846,-1
4.559772537490343,95.83145212660735,2.595054950455296,4,4,64.64788743676658,1
5.127298122993035,66.61481376727929,3.7095178056836318,4,2,86.6143658724654,3
4.256441976953023,93.98117324122347,3.1466760181614917,0,4,85.63404676603076,3
2.0447751861611105,81.32215473428946,3.3649096811338155,4,2,35.38821546636893,0
5.515201714796259,92.02533313933856,3.6959604438399594,0,2,62.5020839619619,1
8.784383521666136,71.67551652105433,3.0109444105824172,2,2,55.695291535788584,0
3.232561718617874,96.71167632706147,3.1584760034920576,3,1,81.71839287836886,3
3.453940580794594,70.35025253895111,3.405013619253058,0,2,80.06738873897983,3
3.2585444567125172,78.31545089146823,2.637569458099974,0,4,80.36891549977324,3
6.449183557446245,75.01905372230965,3.0270258314230003,4,4,70.41611598728376,2
5.8969709083928805,67.457151471775,3.062774293325574,0,4,71.92865161379768,2
4.682924615167087,85.94527567588469,2.5219707241583027,1,1,74.57128872583391,2
3.16396187672207,103.06089117836962,4.158818394336939,1,2,68.98330093105606,1
5.184753583279848,111.66905222320008,2.2963532782537985,2,2,86.65773408157234,3
1.8707557453283914,85.97155787086248,2.350948048156421,0,3,58.955045609813,0
5.286853133714986,96.16681275067522,3.6571132878517894,4,1,63.27279204961765,1
6.743048772175868,87.32094637928537,3.3566331253982713,4,4,76.81978848384837,2
2.4976017267326442,89.98883194768213,2.487017591259611,3,4,69.48106172782562,1
1.9349634463406726,81.57851348872761,3.3036445075508465,2,2,58.36827630884234,0
8.15887578338972,86.95076925422602,3.7339252224986548,4,4,82.9788798205328,3
3.77648072099083,90.37478704606428,2.9848684712015072,3,2,66.41568941108547,1
7.271895691887644,79.21540271123669,4.299411450037291,4,2,62.32918543848139,1
4.692004669604336,84.22505700107013,2.137969094565982,3,3,72.38430438894149,2
4.676090366117345,84.41569881002512,3.346911726929551,1,1,61.601257537224036,1
5.87682539899329,93.26403317330525,3.5832641681105017,1,2,74.48728006754266,2
3.232002286507119,74.33967828372319,3.4456719508026232,4,2,69.60451746040006,1
5.264994286991291,84.48457791392349,2.897822136677176,2,2,67.31129844379859,1
4.237021170351815,104.12005469052697,2.854779258994425,0,3,67.40499656203161,1
2.359013113189937,96.64060152585938,3.2220725855436285,2,2,89.93422746037866,3
5.674964149452798,98.49179048888705,3.407877243326035,2,1,80.53826116916517,3
4.473384386244168,85.24431840178035,3.3012367181411815,0,1,49.362052107249696,0
4.6859503431105844,88.20997563686024,3.5200289453966946,1,4,88.24479308192684,3
2.5796781131716844,95.02236166702926,2.490565021466632,1,1,82.74835567199753,3
8.182800735525609,100.60255529530932,2.8861145104381825,0,4,81.86272352767554,3
6.753428372772232,65.48397087117114,2.529992033938123,3,1,88.31866329377627,3
6.928311768343957,71.84558692950154,2.806943611956929,2,4,75.22545055366196,2
4.389110595116636,98.09444101402647,3.5076104459071527,4,2,84.30125522417934,3
1.5416342209931595,82.23110644231197,3.053991960362614,1,3,68.03292090215481,1
8.905834764979021,78.28279210741923,4.303429581574885,4,3,87.71370477313766,3
4.877804983988264,72.45839013004397,3.0967031835948586,0,3,78.27170332560834,2
3.5024004079598923,79.44983298455891,3.029845940289868,4,2,54.3455751834616,0
5.833603148966228,70.97630716576175,3.053091459720108,4,3,90.54577451895815,4
7.334241576006595,105.91094272732477,2.681095653570032,2,1,73.06643026844424,2
4.953898887829068,84.77563948019427,2.971081693811203,0,4,70.97815936473228,2
7.557150335878749,84.42049458237283,3.563894013555823,4,2,68.35998809035144,1
7.165999877033737,90.88076675167832,3.056985334063886,1,3,69.45954571607636,1
2.8472376251958833,94.6234516926657,2.6032701350582643,0,1,78.44452972610738,2
3.652419788681047,94.45888156554639,2.537457689760682,1,1,60.18630007252047,1
6.915074326559535,95.73621943907571,2.7748990541670784,3,2,51.47080988276329,0
-0.42522512762087583,78.69154449209144,3.03693171720544,4,2,59.033016913505676,0
4.701088613670023,82.02133195043139,3.596793267738131,0,3,80.72576776260053,3
2.1383375967506564,92.69031655442275,2.3297556793167815,1,4,72.57092780155108,2
4.04689239713295,79.7261093836038,2.840086861055622,4,3,91.69789686865467,4
4.402359821941592,84.94893367972774,3.0721550097175396,2,3,74.02630900882468,2
4.283511244184984,88.98763764424814,2.0831471161852826,1,2,87.63769662354295,3
3.8954774957747826,92.85185082310376,2.583200858516797,1,3,64.60778087924862,1
2.805712700742372,67.22319037629799,2.6600557301319068,3,3,68.47286685896671,1
9.583822533637372,92.14745649888945,2.6020148130747507,2,4,75.14286236900412,2
8.734924008322702,82.66275942148275,3.0959447725108236,3,1,72.79534526929294,2
2.675868359487434,92.07457710864381,2.919720195249101,2,1,71.39452452550941,2
8.164233502607134,92.76931692354829,2.722356948699482,1,4,61.91828171237704,1
4.2010690190542945,101.07915061119158,3.2139813132763173,3,1,51.21656931201076,0
5.258374946663421,98.53453647621203,3.8615373588231248,4,3,84.4652485798274,3
4.873452080206168,98.46571662610296,3.819628258370876,2,4,82.78890531536567,3
3.680502717492068,99.43670319166239,2.0386141139688316,1,4,65.79196165389423,1
6.967704687212294,87.91378984815945,3.2885360919175697,0,2,80.68325681704255,3
5.251773061153315,85.3218508703684,2.910988354968081,2,1,72.50330985795094,2
4.046897153561517,93.72817083178334,3.077577671432678,2,2,91.59257627688496,4
2.390821112399055,92.32080951433022,2.8008584832287258,4,3,55.31610610011947,0
3.212809972561759,81.9093376326174,3.058794314943601,2,4,73.09910487655868,2
1.7172397687958063,89.04823408808268,3.0757036980360093,2,3,71.90179898326583,2
5.024447096830339,84.64903533215406,2.7105241213255384,4,1,77.41673938284266,2
2.6066688154312083,76.46067091539945,2.5518162260874098,4,2,98.057067163227,4
4.468878974962918,97.9046074137635,2.775652158690258,3,1,73.14424244792271,2
7.740203707220742,85.5519924253009,3.117129632228383,1,3,86.14698269787301,3
7.398599145843171,105.48708257698851,3.2994981708421323,1,2,72.78275602386344,2
4.935446211794765,68.74507729800168,3.4266744886700735,3,1,91.0636941506188,4
4.8258305477137,79.43221227156634,2.7529049884665437,1,3,86.29272496800407,3
8.759749098842017,85.32638836690872,3.1419222836513683,2,1,70.00027508237994,2
6.041512240717422,96.37381097628914,3.4812512959766493,3,4,68.92048408794986,1
4.344387080246954,88.99469372602185,3.582797447572064,3,2,82.30440959144518,3
2.147963765759096,88.10472754180752,2.9705835729342387,1,2,65.16890940593089,1
5.787746436329487,73.72736207445853,2.8895341375301937,0,2,77.85948893446816,2
6.658647545165724,73.43058602770529,3.095562116918196,1,4,69.66305133105183,1
3.7366969509727124,88.22504660289904,2.425146263551297,0,2,80.52153972235219,3
5.582405510276065,71.35894006181641,2.9031952444822458,3,4,72.5847363650637,2
4.272853410169942,79.68122249710672,3.372293199236565,0,2,64.611282339143,1
4.631935201601994,90.00917329085857,3.3209735647218506,2,1,91.57960361105418,4
0.024355884875337352,75.17675727723224,2.8648661978180554,4,1,78.59334355865073,2
4.556437192567729,101.05355962361807,3.1088591005435835,0,1,74.1962193702171,2
6.938738604816109,97.2393634423789,2.5876748298546564,4,1,81.29983117831208,3
3.737194888866884,69.285800016617,3.3517460741125125,2,4,49.93219000655051,0
5.105052736430633,75.67628756818013,2.9610892819317636,4,3,106.3527723714909,-1
3.488098586616159,62.142227555050496,2.862024274151931,2,3,75.37031645828488,2
5.720883352585545,77.17408637451867,2.8191380819533065,4,1,45.55240635178013,0
4.566953604927653,92.66388476572399,2.968553066550071,4,3,92.95641789388435,4
3.1215169186359866,80.86105057725143,2.7760611775340207,1,3,63.72917245975688,1
7.665102935330255,89.60797243615967,3.3290715180012818,0,2,90.65570029914196,4
6.85786402706443,69.77665681718256,2.8023582259919095,4,4,76.82351231568974,2
3.7901864721436507,92.97975254581905,3.7964820480136905,3,1,51.443777627415216,0
5.995576618835555,79.4489077207165,3.7326052517406905,1,3,78.91892562907776,2
6.074824005640761,85.12169682282905,2.5542282550727475,0,3,77.81564172191887,2
6.284602470022352,84.07125498606948,3.03485213471464,1,1,92.2765720408031,4
1.6114882080098445,72.28451479107716,2.6746716893319027,0,2,82.83245805582627,3
7.013213082065256,73.46915668260218,2.836676218405694,2,1,56.40882529417363,0
3.860602074148537,94.67794469003427,4.001213733822398,4,2,90.0340390892777,4
4.284344133117466,88.98992157501695,2.8462142914421005,3,3,68.78903350799516,1
10.2757635045204,95.50049041553427,3.1801130185387145,1,4,100.80397963282402,-1
5.603746761442023,88.24658235502518,3.270660647004139,1,2,69.67830168974464,1
4.227355049105649,86.42990634809216,2.4996853137583797,1,2,71.83062963310117,2
0.589411254488188,67.73989381333233,2.5724522627953976,1,1,62.67119501139371,1
7.779528267892712,82.2963330323883,2.3969888142959404,4,3,67.52102946488739,1
2.309580658382795,84.72615679596257,2.5570146330511117,0,4,63.555889750018274,1
2.993122193000993,104.53107198272573,1.5749849453414089,4,1,92.64673238049409,4
4.337295401824302,91.86956632098678,3.272291200396814,2,1,55.027375506683214,0
7.832823583400585,100.36061181709529,4.0270969206280345,4,4,87.06869453606463,3
6.546479973331518,90.97537705894729,3.0739103695182637,4,3,87.42990182276597,3
4.68432498031948,77.8869677305052,2.2918655703296964,2,4,95.66321284419863,4
5.616584127277642,86.17124216149851,2.678611808550026,4,1,75.65642292659902,2
3.7992286142577885,87.36223646264233,2.7705615774875016,0,1,59.599593628885756,0
5.279307379130701,75.60844430229318,2.491207611393312,3,2,72.42362928960057,2
5.146673489556274,81.15612623407078,3.430091319197578,2,4,83.92047794971218,3
6.937539791362706,82.94233006322828,3.405130022187667,1,4,76.27094907750207,2
6.934356244877899,101.05619832565118,2.42227410309117,0,4,80.50091628278719,3
5.98795476441129,64.19259474609021,3.362540522223754,3,1,95.47929203837049,4
4.275304884907795,97.05818420716044,3.763406331788633,0,3,83.73005031642924,3
6.483644588780253,75.63204765040618,3.9512791026147798,0,1,77.97662292796284,2
4.816063067593907,71.27920812730386,4.4326060115429815,1,2,47.3345750666897,0
2.836171262573734,96.79942130038464,2.549003675278401,3,1,63.242241230179246,1
4.1934244161781224,92.31898069234381,4.412110213197602,0,1,68.92987322708717,1
5.169053967568649,97.5451870238119,2.822896805745606,1,1,45.34330230818317,0
6.820431567329491,93.00701947545576,2.703767272309743,2,2,58.36097120299249,0
4.632943655685694,105.59845001737402,3.1635361874389227,1,4,70.97321158204853,2
2.581602577520788,90.58723836944485,2.708969332953494,4,3,73.41422962948354,2
5.113483366593639,83.43522623876842,3.199522070323263,1,3,82.58715398465489,3
5.226912080113105,88.42926377321342,2.339961406131349,1,2,71.9206110892291,2
5.3716752578055065,97.43469128345964,2.8806236989682827,1,4,78.72060964343707,2
6.83974303190886,77.20624674739884,3.6427911171808396,0,4,68.73315826381402,1
7.037846480179796,78.4811141746862,2.971469354284422,3,2,75.63019844330212,2
3.811578255236667,81.91039985402092,3.0707978933699414,1,1,81.76459216127562,3
3.7677130839021133,63.954172012346675,3.2376293023586555,1,4,97.08945375994587,4
2.9196025780890538,86.38078408417547,3.58533081465883,4,3,67.28035787848181,1
6.397631340560952,66.13871296048974,2.1723876439052834,4,2,77.16272987263393,2
7.8976402166754305,85.53059312932619,3.2922620259187174,2,3,88.03691305827292,3
4.369836144182154,93.6528975613525,2.865930430379118,2,1,53.406095882546744,0
4.5171388705500135,80.23123539356165,3.0833189476559193,4,2,104.96739187540696,-1
7.933565113797952,101.77115870186871,3.529975084881188,3,3,92.68546128887921,4
6.011115706430015,70.39499100581511,2.402906674294078,2,3,49.32767271952589,0
5.8724714096021104,96.91260681631833,2.493677779278455,3,1,80.5707276240516,3
2.6181669880525464,91.7513705640692,2.032285020143097,4,2,66.53319849203827,1
6.357456138558838,67.83966751689312,2.7254205291181117,2,4,69.03977952122833,1
3.1417273189804833,112.10794299040532,3.665216172189408,1,4,80.25752245233157,3
2.7319596281300838,84.36254714496035,2.9397064057632654,4,3,90.75599303811659,4
4.306456846466576,76.22515977844368,2.3299375521726073,2,1,68.01190586740071,1
3.8284145531026197,70.92912805215983,2.7571606277124765,3,3,68.21327691324589,1
4.556800611229922,82.79981972340326,2.2560691482546886,3,1,80.58250143549162,3
2.1180367309501626,83.7259312761004,2.4374069491344192,2,4,83.5793448295875,3
6.9176326129353445,86.02645528539665,3.1944094551318565,3,3,59.89302942293879,0
7.2553725890328575,82.0220384377604,2.4130633368469856,2,3,100.85509352537932,-1
1.1053150517183714,91.33225310115094,3.556317152601651,2,1,65.35028509260268,1
6.9569156113331,81.12370167336753,2.964439854584832,3,2,89.4701135952963,3
3.3789427403567474,65.65035882759528,3.0427973519722626,0,1,81.77556974836016,3
6.713951073965572,83.50638504350358,2.860813516196053,1,2,84.09485883012431,3
4.863107014667169,61.32522346626722,3.3864239192718615,4,4,65.64072875638098,1
5.057551128161998,88.5377063089139,3.3915799438885053,1,3,49.14224671784942,0
4.629804701157562,75.20699769717365,3.167527175956086,4,3,74.67897753136202,2
7.424258408466972,86.63360354915801,3.282394552953824,4,1,74.74079795908055,2
2.5208239749499435,98.14074981524604,2.8939551650397872,1,1,60.62967138472068,1
6.215680677470017,75.51251304732,3.271101503454524,2,4,88.76914787343166,3
7.202660329779101,95.61256258512118,2.8310611122630966,3,4,74.22705842720339,2
6.432680161080821,80.66610433313846,3.001115811081201,0,2,62.86391007086321,1
9.649397828646835,102.53194802065585,2.8626781253168514,0,4,83.77607016576121,3
3.9421064745506023,81.34847386801786,2.771390730340402,0,4,84.17430001669065,3
6.9146096451870624,76.59507014493309,2.655444101139105,1,4,64.2547809129615,1
4.787818729317159,91.87238450395289,3.2338450519294426,1,4,93.50087898614072,4
7.466812152705339,80.64210270376364,3.6553029564067314,2,2,108.6486594484553,-1
4.9846220085572615,76.58550485870991,3.5855509858347796,0,4,58.64954256789531,0
4.224248436275061,80.2216014929621,2.3717173320272824,2,2,72.24459050435111,2
7.6121444077432585,84.55393467816998,3.6446015257034365,0,1,80.05514701348486,3
4.01687612196214,98.42180131244854,2.8409207491910355,1,3,109.2039034544839,-1
2.1745484821988876,65.65912254540423,3.3003665075727957,3,1,63.993340757889314,1
3.966306233652343,85.23080658950421,2.5468923339763947,3,4,60.906232671078776,1
6.238065893177065,91.24903594654043,3.0709899569370025,3,3,60.803712790728724,1
7.784077503174183,86.93448574991797,3.1568615914484535,3,4,93.32135390087927,4
5.222258750593024,98.09865169433535,2.2576976040401737,4,4,64.38253082649098,1
7.63639413446805,84.25654670241475,3.304133583172095,0,1,62.247986959235725,1
2.283650157044813,83.15448557814055,3.672967503919158,3,4,78.46450993042731,2
4.113473070364194,90.92329547013344,2.912676027159186,4,1,79.62331967375971,2
4.422849765691797,85.9931381495135,3.6800840654140066,4,4,91.06530708169254,4
4.770881145054961,81.0959126171953,2.905153253273796,4,2,76.3788905551084,2
5.168188776500393,90.16144039586379,3.4247922655233087,2,3,78.73398158940401,2
6.3818219147843855,78.47471706783355,1.8907150170244502,2,1,73.4209407663105,2
4.11038632365902,78.88822847980673,4.209388889656732,4,1,55.4353961471038,0
5.278057373906251,79.72005978234387,3.7477291226214784,3,3,72.00592991454481,2
4.909754219351897,98.53069160166407,2.8576872478731605,0,1,75.94250359379011,2
3.1482201922177,52.789836440142864,2.013955486678091,1,3,68.34264780463002,1
4.772666621837129,88.95598834762943,3.1440141841527445,2,2,51.533190200640476,0
4.712680940205764,85.34271814200223,2.2780372264631215,3,4,57.975142983583204,0
4.6698388699939075,68.1912954076188,3.2224267687787442,3,2,74.40928053157278,2
5.063518913162902,88.09726779136003,3.205782859582141,1,4,88.9912964385789,3
5.151347081226772,89.75751991831532,2.5292984154989875,1,3,100.23426144184825,-1
4.13540964178534,90.896392313574,3.5604835118071887,3,2,72.24254129519817,2
7.5454294679425296,58.48171936955051,3.4027873514030866,1,4,64.24688593931289,1
2.6610387415939667,98.66389411854439,3.4879116686442817,3,3,69.41235752199293,1
3.5580597830602074,77.6226329531516,3.0044288518344477,1,4,59.30377145709433,0
10.559927248447112,91.86567746753175,2.292237966543147,1,1,86.81618311967148,3
2.92401729002154,92.41073780682287,3.488936136105569,3,1,107.06417444068836,-1
2.2924906505804827,76.23302914380707,2.8648143004321045,4,3,64.61197673467495,1
6.468953490002436,91.6045995235155,2.3051099284036654,3,4,57.11937683757102,0
0.845760292452252,81.14506759087642,3.676019682987163,0,1,90.09724994985427,4
4.529452180055122,64.28622820661843,4.049703760251255,1,2,79.7707732226844,2
9.291649850152977,96.67741925527778,2.9793759355103986,2,4,80.02393538843232,3
1.910128155693199,77.2495503698376,4.0795605773016455,1,4,98.82260892256431,4
1.0360710285225734,76.45506537261946,3.045657364305675,0,1,54.502705190469506,0
2.0016375960846036,80.96934131963278,2.8097720479168244,2,1,54.08375152111641,0
6.796719136693971,87.72236725327389,2.684770772907261,2,3,72.57428525729092,2
7.249553439971625,84.42729589177898,3.818541203996371,3,4,75.95105266290739,2
3.9748224060429824,90.4806692470717,2.6099280593061143,4,2,69.67577599889013,1
6.3664248080021375,71.60510633471341,3.367634654987494,3,1,111.9112939306257,-1
7.7805106550239795,77.57613629569265,2.720418082470396,2,4,70.3463691272111,2
8.57469282885965,83.84002927678466,2.7698466187128186,2,1,66.73912076591678,1
4.507329437640304,103.97887292658706,3.5151248469847833,4,3,76.86515377321695,2
0.39705656466002637,83.86187461586242,2.809981576855323,1,4,89.56330368020029,3
3.3582421551806263,95.85222263661632,2.7976023102898533,4,4,64.11858385224907,1
4.146391610129485,85.38555168784318,3.5664023485874035,3,3,72.79520024752529,2
4.482122406843219,80.16341362562432,3.7986986466108115,1,2,89.98926960351763,3
4.624281197982561,82.5327557588556,3.3223449016421167,3,1,90.82209649641935,4
7.237789195861339,83.31580287971119,2.6726151121880255,4,3,78.26442150184276,2
7.548856853375163,91.03645738960739,2.74469575035121,1,4,111.2758683038175,-1
4.656652692150433,98.74611267576554,3.0399576318700188,4,3,104.7097657004343,-1
7.196969752103637,88.59680847686322,3.1604650309628286,0,4,53.90825728410392,0
5.7153227332621785,96.87077678741755,2.506067044930114,2,3,49.62058170468637,0
5.129011945725144,75.35210262370315,3.361518969789932,1,2,86.93571671798037,3
6.813088314219928,80.85369491185969,3.0427566648197995,2,4,95.4804846696174,4
5.144504096475831,77.75697465792334,2.1421458406809353,0,3,71.6286152271239,2
9.115622354195525,88.14444590874852,2.5355367587696347,1,2,67.46706312414257,1
2.1231776664108817,81.41041614820587,2.747935663174168,2,2,62.6956410914146,1
3.9696582018159647,92.29772937034195,2.9635711555794724,2,1,57.47982114234442,0
4.7469622060921,75.68998288367558,3.944639397751998,1,4,92.04514193867774,4
5.878905380915981,85.43030973321281,3.1190856530698143,2,1,69.28057558793137,1
7.535920974206178,91.86857911012257,2.5796140550506874,2,2,79.52701135516469,2
4.951202865527686,64.3469722495939,3.1103154021535815,1,1,47.612913871605166,0
2.1555407009875855,106.21631307330203,2.8239561262730595,2,1,90.03406553513415,4
6.685027792910009,82.16848115120125,3.1623791197667708,2,3,83.81667341834473,3
6.509917532283929,64.74960086323827,3.2902838435178072,3,1,54.82966199625071,0
1.116282681241188,86.58093898576786,3.604615323611969,3,2,78.88543232225571,2
4.992391732658401,85.33443467973152,2.987856752164987,0,1,75.07115039291382,2
1.8197163386394042,84.18105620427507,3.8194802637999166,3,4,68.24767620235907,1
3.670697804995875,94.91191112926666,3.4540113312680956,3,3,31.456090171476816,0
3.1943821460744006,92.47444971427056,2.646280227593906,0,2,65.0950610737294,1
6.6185293964839715,87.97876191023845,4.104927832874232,2,1,79.53646718664183,2
5.233660348344368,89.50155633946648,3.1634972566350488,2,4,66.77152574164312,1
2.4288179984879448,83.95641550561913,2.5824377480138825,3,2,71.67457444861562,2
6.760131925914685,102.75490849240049,3.8264565256152108,0,1,97.45135178985711,4
2.1323883521431712,70.20803981642233,4.038888792599222,2,3,73.83737983280571,2
5.660227580941887,86.39651674215897,2.98348736814022,4,1,43.54800778758042,0
3.3719786614168887,85.6502463118878,2.748174869812202,1,2,72.22724459024205,2
4.26864583493896,93.13280406064592,2.913812521273169,1,2,76.49091134342144,2
6.008541496076768,76.561461225751,3.35736586375885,1,2,62.61968014557141,1
6.042898798119058,67.56327397603464,3.638928327515257,3,4,86.02122893611512,3
7.673938147111921,86.56823016098193,3.285243665431787,1,1,53.06656541218429,0
4.835492600657093,87.81230492218604,3.0508616042358847,1,1,72.93388351413633,2
5.612901725926681,99.89599409447649,3.7490058851522137,4,1,52.89361647984903,0
4.12452535519135,72.29637953674914,2.843581763474239,2,3,70.56468423813696,2
5.363979765245595,96.5469376671672,3.5154596691834534,4,4,85.6219479074292,3
5.878972096017024,108.67414364027121,2.8559686008243608,3,4,72.57480109178256,2
4.803380305091248,81.22235112477523,3.2155114790054466,1,3,71.69919738942458,2
1.3924990318150074,72.09057780506777,2.943218717604774,2,4,75.41655117802974,2
5.66294179266179,80.93025633626628,2.9720739086735946,1,3,76.16651203458794,2
5.729122954710914,85.1400496737138,2.8113067412688952,1,2,85.40627881060155,3
3.6396530473040984,90.63787875006915,3.672427015590347,3,2,85.49723584657524,3
2.4312259278549715,79.08605270161952,2.6335369809457325,1,4,96.32543824927274,4
7.951758301007931,100.55198534147343,2.629883873725646,0,2,77.51425478294067,2
5.982891021788804,73.85467684991939,4.060496782922555,2,2,50.08913257334974,0
4.541837938156581,67.607948478272,3.4889237823271655,2,2,87.86922899436514,3
2.725934233705025,96.06710424287317,1.8074431506534818,0,1,95.24736688806887,4
3.356370343157308,62.253789687938,2.7173706303947984,3,2,111.92542525777236,-1
7.605180793572464,82.95870231127284,2.094005331218973,1,1,96.77558821165235,4
5.275323881736092,116.17681129208047,2.5246546532923726,1,3,67.64552384609128,1
3.898825865998587,84.87956447040068,1.4307426668829801,2,3,77.80776041232876,2
6.019378462449312,73.7923234930375,2.931505211153029,3,3,70.94059880189613,2
3.3712036251073525,84.42602536213207,2.4290290904193443,3,3,68.9020961234526,1
8.001686060560758,84.49199211380467,3.029952628398219,3,3,73.29771913745054,2
7.705601069793451,86.60649940353116,2.187439370558738,1,2,94.28614653199597,4
4.066851857594447,91.62262982159619,3.04145592658602,3,2,51.162430732330044,0
3.7426595059382795,74.6088883163226,2.7925418609398363,0,2,59.961815514157166,0
-0.23626639738455957,101.87548055236793,3.750976482594298,4,3,93.29239533849943,4
2.036838456897264,87.45114284372617,3.7056784308728123,3,3,96.80502261110928,4
2.3210604500844876,92.26794046401804,3.3926728015051415,4,1,65.10756437523574,1
5.270380681974772,78.71850600244358,2.836693109669394,1,4,99.76122516457826,4
4.347532591117281,97.86382136995533,3.9926901976301465,3,2,89.63823124961627,3
2.309329025169517,82.42947591186936,2.2234823610800896,2,4,70.98358295931612,2
4.437671915070886,87.77552513493532,2.2982206852181686,1,3,38.471016420131015,0
6.010674295294697,75.6689392281289,2.9581084500554677,0,3,49.97977284498441,0
6.055678699831175,75.03068373597873,4.127019054460559,0,3,65.12734968585535,1
1.2006594382822375,91.88205306452883,2.898830546564956,4,4,86.39905472939742,3
4.743473039032338,80.56393169792614,2.9083773783953593,4,1,86.44650036821872,3
2.233318446056779,76.46176912495623,2.2790448219440953,2,3,68.00326212139696,1
6.803457394280548,78.56816657972969,3.472964792635189,2,1,71.53088601956135,2
6.568292832706997,91.9895307171742,3.476588127164677,0,1,74.51277975087173,2
3.203945547351083,78.70962138796389,3.394537600699955,3,2,71.7189298057377,2
3.4679095951992003,83.82345068397836,2.685389663576319,0,4,77.4545064550319,2
4.077465899003386,85.15027750287096,2.646646615813497,0,3,74.54938264877757,2
0.49441321053732157,65.82651113989701,2.353438874797515,2,1,49.886592763620456,0
5.671936346881154,70.28873594626482,3.041936250880467,4,4,71.88657650671095,2
4.454310907319739,88.36277889247563,2.4597963353607493,2,4,74.66103250432646,2
6.940350165135718,77.62970638847302,2.4112917473753557,2,3,89.84699018891267,3
2.8031815640748947,95.56724911280418,2.788154641544662,2,2,62.53040802539573,1
3.7617541035001367,94.66807104250545,2.755421912407892,0,2,78.05858027017356,2
1.9869494839217694,92.19168666355438,2.7310107355890225,3,1,83.44259994482407,3
2.9914188730114937,103.19771787312598,3.233222298420131,0,2,72.77479231788269,2
2.636036007863562,84.16910672256817,3.03952390107514,1,2,48.67803171943133,0
6.991947357692892,91.4888192590384,2.855921984744441,2,2,90.15103530890418,4
3.6034763024972154,79.15599023403969,3.091506464155741,2,4,86.20711848039905,3
5.248351369489227,109.52369912868724,2.504236479447684,1,3,78.43160070037023,2
4.238473192276391,104.83633652436019,3.052639311954839,2,4,75.60495601333716,2
2.461069467974374,85.11880434517792,3.075301246422317,2,4,48.27862650672553,0
4.663399153656715,88.86586229905193,2.2484765703212597,2,3,86.61984953835113,3
6.1982066637271895,98.59297599364805,3.497846877185181,1,4,97.29594064992564,4
2.5844812149132954,83.52860495185892,2.5592831473865023,0,1,58.293817193671885,0
6.618225581462758,78.43375929200295,3.0451548996032174,2,1,95.17527984407371,4
3.300558157044607,93.73989751006883,3.582205870267635,3,4,91.97186694518034,4
4.034032147854319,85.7843924608367,3.462838378856935,1,2,57.852070149749416,0
6.061366246020095,86.8299444964526,3.0171666942844175,4,4,69.08784600970657,1
3.673127685561024,76.65728656932035,2.8187504985589658,1,2,54.06843535335495,0
5.075149718671732,67.82327851636603,3.4737559542877836,0,4,74.02292496406668,2
4.370618342423815,87.361424098791,3.3373474889043098,1,1,81.72476343645235,3
5.258736013407637,94.049620414942,2.690817489977935,4,2,55.192978034695926,0
0.23852178895300558,82.74193250923958,2.6025531764991547,3,1,80.78704162687048,3
1.3406363695838341,99.36429519558867,1.963822409152001,4,4,84.58688645217741,3
6.231934012093676,77.96083674584456,3.0770159208417938,1,3,84.80217984328101,3
7.0743628112981005,74.4529554503408,2.9586511274908007,4,2,81.81753858128442,3
3.1790265929369577,84.32769692803869,3.568095687321271,1,2,56.57263985428639,0
4.511943295657732,84.1740742464871,3.179527546740183,3,4,73.17788972174932,2
5.589438505804603,92.69968731335223,3.6671145970863455,3,4,80.28528165471081,3
6.386435203317408,77.25037175936015,2.6513178860419147,0,2,96.91538433508646,4
0.9446454566583027,98.68094236814898,3.569075165483809,3,3,75.03698744231279,2
3.2279195060432455,104.66916962508253,2.7355418104476725,2,4,81.38311941413671,3
4.33484124030025,84.60855973031659,3.388798030896136,4,4,61.019597795321985,1
6.406280394472098,97.49710420184319,2.270620803734653,4,4,57.67658945751192,0
9.99686096744299,74.43502929374739,3.117567649683094,1,3,55.75392015404418,0
4.5439885463805645,95.75221541181917,2.007656029277045,3,2,68.69597588833717,1
2.1860450757920225,95.47276408559463,2.866431257029123,0,1,105.9307672951029,-1
5.804536154402596,93.63437280189879,3.2201769969389566,0,4,68.96885610840225,1
7.64199157908142,84.84436911129706,2.739515724384452,0,3,80.46939530913076,3
5.216028241959002,55.45751058757969,2.4747811856220165,2,2,83.35646937856492,3
3.186702909691414,78.58272856347871,3.4230592346479667,3,2,58.62706336445761,0
6.915987882960038,78.74083982315398,2.9482686050765383,0,3,68.47339724081792,1
6.3270912369968695,75.21745061939522,2.7552146764846643,2,4,84.36622708398787,3
2.947838311608751,86.22243004547066,3.0209479605771383,4,1,81.42491121254135,3
5.762851235068684,80.81036554478766,4.3183345709727945,1,4,45.09008059981139,0
6.994531135317745,76.75387990234978,3.576751424890772,3,2,83.91615530935877,3
7.363780085117787,74.4119985175218,3.58128683409392,3,1,66.73514413734324,1
4.867102049381088,77.84487014514771,3.217773159496182,4,4,67.12774205560702,1
4.283841107641362,96.21499211849928,3.0832426362885736,3,1,81.07298539445415,3
7.454547644162526,78.38974945372506,1.8019588558347919,3,3,97.8440388672569,4
2.57967899403823,79.85061293566727,2.660509826768434,3,4,71.99348059958457,2
5.877158581842011,80.43302384976754,2.7597127933987626,3,2,92.68575323308899,4
2.2599467452711415,88.3899351380942,2.0625539679762337,2,2,53.3861584817723,0
7.130752544519206,89.56249488528533,2.421292104892283,2,1,76.96115018868196,2
4.483908968777677,54.55343460756838,2.009581764538683,1,3,66.8841689110788,1
7.537166471294938,95.21635213827608,2.9808380821513136,3,4,79.23010480134091,2
5.982825512711054,99.36368034243753,3.409382985424408,4,3,70.55538895822347,2
2.55355953987614,74.4981346263833,3.5533872593121645,0,3,54.88407871554293,0
7.849255464154487,75.27701755265166,3.207392231039621,1,1,61.688859557982866,1
8.102490532855459,80.49746612221729,2.5183018294007153,0,1,50.35198380215121,0
6.7645729851984315,77.43995980543396,2.0339674207400202,0,4,55.396481565769236,0
3.47682426992756,87.23926873946607,2.121565650299249,3,2,82.20486562312571,3
4.3879720912851825,65.53474713641135,2.3655087113727506,4,4,71.23444305214166,2
5.290854434811519,73.8207239196326,2.5555701509821627,0,3,78.46296615192132,2
3.5925792013371334,100.39197200174908,2.920125751004207,0,1,102.23366222392607,-1
8.384693144926409,75.71780032651982,2.492917890936516,1,3,70.56042310181608,2
5.288652943452074,97.43428278102925,3.169487946834131,4,1,84.51425899773358,3
-0.4066960942147144,88.55338195590137,2.8838632486002638,4,2,75.42203268301883,2
5.678711625512441,66.90732285411741,3.005272855870513,0,3,116.44026799097253,-1
4.303685206365373,91.35329195216207,3.5701252763356024,4,1,29.73529660878919,0
4.850146887763104,83.82332697807146,2.409884132899815,1,4,64.23506586041817,1
4.2627612684286005,80.4453294375026,3.2093522891461843,1,4,84.81035961347222,3
6.614092833213375,87.44957093172005,2.993013385761963,1,4,63.70641906858091,1
7.239375557106762,89.74633485566793,2.8332568595151524,3,3,83.49107335964972,3
5.566106324517308,92.0759182197462,3.4426281604329803,0,1,74.09881210654967,2
4.321377625723682,96.78252847548002,3.4395070772785035,4,1,87.97423257017455,3
4.917325590381659,89.08135912778357,2.526754602005786,1,1,58.01815754358511,0
5.039199233155257,71.24365911213638,2.908919708071038,0,3,77.59263465924532,2
3.395139920270326,80.2635454234881,3.140605841292033,0,1,81.99027345020076,3
6.15785729714247,114.43048335268621,2.8634966259887076,3,2,76.97683737317004,2
5.920084647720932,92.24491060381727,3.292510666143899,4,3,77.24118727381332,2
8.080882479553347,108.69287300811497,3.140596008955138,4,2,93.0364635866934,4
7.51069956057695,98.95434082199185,3.9162806201780063,1,2,49.80141380242657,0
3.6286501648197396,87.41802071555749,2.234860432035106,1,4,76.87450786187527,2
6.640596749017929,88.01407069781118,2.9387820051263014,0,3,56.862778006810814,0
3.0980932338110567,84.63419960123154,2.5457487442439044,4,1,86.36416405389465,3
6.391864201881699,67.621953841535,3.302053727719522,4,2,62.430996264454265,1
3.9667716024797843,85.18047252468224,2.1914140549772276,1,3,37.913315128584784,0
2.953493553248831,97.10674552542197,3.173156355112443,2,1,86.72201121371175,3
5.560090685394809,79.00360005178797,2.6849757843258293,0,4,70.97443059061547,2
-0.34913425630828154,89.11952999061809,2.632919066939493,4,3,80.34944424152404,3
1.498048851189544,93.51591045893197,2.2767508982296563,3,3,96.40513354048592,4
4.645016232451433,75.90319560687524,2.767462026899497,3,3,80.57101628898353,3
5.164883533269685,80.48697135656336,3.542250265145463,2,1,77.54142125863423,2
4.261362459683622,74.8208850952284,2.9874056582352604,1,2,74.29094431155853,2
1.8411274025648026,76.77834393310593,3.313840208937237,1,2,57.79040274376483,0
3.364216315722989,72.12394716346938,3.8323209109831375,1,3,71.77128212856913,2
5.782418654474788,75.99551538621974,3.131877792411288,3,3,104.60847867663875,-1
6.163563541256725,99.19455680797839,2.7206002139688295,1,1,69.37171154799152,1
4.967553764808118,75.84522970909708,3.233626107591395,3,4,72.65979510865117,2
7.313667562073977,86.2645921906069,2.7278519268428543,2,3,93.85627338158018,4
5.794794046918469,79.97131246329045,2.747788658351415,0,3,51.88067008647063,0
3.5050886920835755,96.78865937036939,2.2400536001905076,4,4,84.30186076435405,3
4.438995893176765,98.11162296603617,3.463128745542196,2,3,51.16680120292425,0
2.1942676855842906,93.64069982138948,2.80699871217528,3,2,80.9878307532219,3
4.7837220192171666,88.06134553102756,3.091049122907931,2,3,74.66385827402698,2
7.224201238442677,82.68940463159102,2.4820190356966805,4,2,84.18600241197021,3
6.3705801694219355,73.0812529580875,3.217973814857736,0,1,59.812884447684134,0
7.804018651838244,104.43528881122197,2.6190293809324583,4,1,66.97450372962645,1
4.394229512402013,77.40326982247447,2.929145639149088,3,2,84.96079429958374,3
7.692199589028515,91.63646347032841,3.438913015619563,4,2,67.35251225247299,1
4.61339154710406,95.59565572623397,3.3953796561162646,2,4,86.33272890792755,3
7.943170165139788,79.4471950309467,2.9889849637415296,1,2,78.13754716033128,2
4.956286505115752,95.38012527315962,2.1159344836466407,2,2,68.31372363104758,1
6.414462747608553,92.64213203338855,4.49640528503032,3,3,70.26968732953988,2
7.950224728619711,102.27963835381766,3.872929485136568,0,4,75.05257247502928,2
4.613144742837589,80.30653533573289,3.3613374124441493,4,2,71.69726828937897,2
5.436777975088348,72.14135982720285,2.6233981092045147,0,2,85.95374630599424,3
7.5777268504126045,79.9451024455549,2.943203919149018,3,2,69.43081005713874,1
4.7339936721398725,87.08853542534332,2.7282897851117416,4,3,66.40453610681668,1
2.358215434987678,85.58212727085056,3.6319279695481943,2,3,88.65377522299292,3
9.28601410916982,81.0656210372545,3.131251445425917,2,3,68.66806253890813,1
4.060471071325726,65.90802541022757,2.6079180708200838,3,1,66.89442569602487,1
5.317512101875086,89.70482996129107,2.764622450437609,4,3,37.71504297643395,0
7.312013338902254,104.723444790822,3.560594071284952,2,2,59.40744947094106,0
3.7830121925375964,89.64251238123003,3.8000489234102393,3,3,62.420587820051836,1
2.9842641735557396,91.09135519053514,3.764165781743123,3,3,66.89804111238038,1
5.5074745935496665,90.72445306155102,3.3785160325269885,0,4,64.16791175056706,1
1.4138472041752208,88.970466698824,2.8736875655986815,2,2,89.74575223018427,3
4.424187846264159,94.31665966868096,1.3792430873354398,4,3,63.372785333233765,1
5.490077328630812,88.95373681185666,3.148580011904111,2,1,64.49060444642136,1
4.460096206349672,81.87322830346724,2.99908562057795,2,4,77.33481295649598,2
1.913098113628506,77.04011089991246,3.0699910481606767,2,3,58.474771801069785,0
8.188355912408024,82.51026344719325,3.0269486735166033,3,4,98.45988232270165,4
5.207076307898351,88.14129496450666,2.3368689190254215,1,4,87.03235186744219,3
7.862304235523482,81.83917038877027,3.2787042784255926,1,1,57.478695718382276,0
4.4799274996391105,88.1433868313143,3.316108157015925,0,1,90.20500628800256,4
3.239976036618472,89.39150133700417,3.3411693910298297,2,1,93.3256220927993,4
5.53836184051032,93.33179431270182,3.4732885017866932,1,2,57.8682789462208,0
4.568425747343561,97.82794968838981,3.3020258224608114,0,4,57.522500763617636,0
2.644477084017284,85.78007418478857,2.7949852942305444,3,3,65.843802811528,1
7.939568517574991,71.92223434852339,2.964581576041955,2,1,53.771923203826375,0
3.755459554212008,81.5489590318081,3.0455624336266887,4,1,63.29567198365841,1
1.319467230408863,85.440625674066,3.0538497245533094,3,4,68.99813122921886,1
7.656332107914666,66.6423124382291,3.499108827985865,0,4,82.56228542064721,3
3.9914039683747538,98.88664520102482,3.3218343765112452,3,4,76.21838254725375,2
3.7843522147687514,86.42377912510466,4.038671719784976,4,3,72.77967740197958,2
1.469224825940052,88.81352834580285,4.103234489942336,3,2,67.7524005761263,1
8.481882973193981,98.65526462526266,3.0398247913069625,0,2,55.380663750549346,0
2.421038825580625,78.69857169857653,1.0816722257703153,4,1,83.8757659017298,3
5.1168989614113,90.7404193088403,3.618416233063633,4,2,83.54061235235568,3
6.825240645080881,83.90135876898064,2.7298118305064727,3,3,65.74727113512428,1
5.843433866006194,83.1591313298408,2.5992580390844964,4,2,58.48267288313365,0
4.8806913760156165,77.2780761219562,2.8007773625053165,3,3,98.34156656290625,4
1.5966682834251675,101.65603213686528,2.776678476592697,2,1,78.70095676630397,2
3.380550328465432,81.2449995992443,3.3061349050526965,4,4,80.95452436987564,3
5.375600676085044,91.99464246895703,2.2202821104368873,3,3,81.60221791049638,3
3.425651860026007,66.24992612528064,2.461139627104199,2,4,56.962744521280605,0
5.406718919997536,96.79988529689787,3.1715792770987083,4,1,97.489148760253,4
6.3634868176302835,95.52211155957059,3.311472015206654,2,3,68.94753100583654,1
6.925005771600203,85.97434110297303,3.320770822468006,4,3,87.33063005893415,3
2.547641284374633,82.73057533862075,2.6064818605333504,0,2,96.87649055140167,4
9.393292109957908,89.00000005613566,2.51086717536688,0,3,76.22064048027299,2
6.534958689108262,107.8879066088029,2.74668258310604,3,1,57.27782386897326,0
4.996571692661872,67.36763301096515,3.1199363761423626,1,4,37.597942297713956,0
7.179073166153281,92.82027387574128,3.742738684636275,0,3,74.42376286047093,2
9.730815543999947,75.88382697846097,1.9762814071146249,1,1,78.75216671598831,2
2.122559797886261,84.80081603700269,2.8896356215208168,2,1,66.28837299471571,1
4.5494747150172925,82.52119880921337,2.3336607794873983,2,3,77.03528180185376,2
0.24313668025334323,80.71681742202244,2.173878661323255,1,2,81.45517257256586,3
5.385303065296049,84.8953487094727,3.483478322672408,3,3,89.90891686191952,3
5.730788483850281,73.6582885472221,3.2723122872496693,4,3,71.57151913310686,2
4.921675769114481,95.29180436127967,3.2247167579736313,1,2,74.31987489809904,2
3.6909328580033804,67.05856488801399,3.4605129198654967,1,1,72.32099505849669,2
0.9009709676233495,90.39764512828341,2.760140551616932,1,3,75.50391949990274,2
5.747067366823537,81.73464147465428,2.7836812418332357,1,2,67.30223428614204,1
7.91086896783065,73.29075106192546,4.092865308361287,1,4,67.23051923258274,1
3.817963088533136,87.02383370598696,2.876714472870213,3,4,68.17465741091547,1
5.88011985804629,69.43048913293522,3.3675660565270458,0,2,77.34399362429245,2
1.8637113731598989,85.39713821719634,3.0031907704816576,4,1,62.29028958223295,1
5.914426127385028,70.77123092188445,2.0758707349607923,0,2,68.23509100310385,1
4.2132354045106855,89.61272084317831,1.977685498099366,1,1,102.12884950682113,-1
3.4751640987941714,75.75642666369625,2.7105078900300477,0,4,88.44599010756573,3
3.479272717567739,80.49005982970691,3.5280506258349944,3,3,60.643783841000754,1
4.21277683593398,87.93949387943162,3.3941458283180017,2,2,87.97009395890352,3
5.764866631385071,77.27457888157764,3.4570385821120166,0,4,84.41088111125526,3
2.3756735976089645,84.42036000331697,2.5064769105318425,4,3,73.44120732781742,2
4.205769336864295,69.86169498755146,3.807936245061157,3,4,64.38040579490396,1
4.917056444001704,91.30875603596155,2.517553349906808,2,2,62.67728831272144,1
2.8019215509362816,102.6491380555077,3.1064121993349842,3,2,78.35760259174855,2
8.593330403350034,112.92208867909962,2.9948238550461315,1,3,62.30649506705239,1
3.293009039877317,85.91168146666439,2.913063089842707,2,2,91.45831994507738,4
3.6611261727330193,92.88204140797187,3.669296069147803,4,4,95.71209882682514,4
3.043384100355004,67.19374327092511,2.64744473991702,2,3,74.35793253647861,2
8.596960174276235,100.02734326305588,2.3251973721440358,4,3,92.08171217883194,4
6.105810457198963,92.76228504724106,3.0099977431032094,1,4,68.82676577545878,1
3.1268159875127157,80.16066555048766,2.8000866328567366,4,1,64.28472325073821,1
7.212463117719937,97.37180800289009,4.688691459541323,3,3,91.5041277021786,4
5.401397388577757,82.45523923354658,3.3382537382199873,0,1,98.69800433408261,4
5.514506842223003,80.41974816985443,2.795329712390688,3,4,104.44736980488325,-1
4.311045582495095,89.75334925427491,2.471944215406457,3,4,79.98982607215662,2
3.501168026086053,74.3664550016968,2.0598557947156078,2,3,87.93165592784436,3
5.675532198109202,95.21624764399948,2.4873904571312835,1,2,79.65925842699222,2
3.9098255400088195,74.44010188073156,3.057470885879566,0,3,96.05067985047884,4
8.63351125915021,74.49945210176814,3.7136643257973847,4,2,81.49926200158889,3
2.4614177895137916,75.90310211591665,3.5608445711939596,2,1,87.0762568299305,3
8.072313545709891,92.59500037516122,3.1145474158231896,1,2,57.96872317195701,0
4.7773623024043985,78.83224638480293,2.8384161671487576,0,3,71.53255836948492,2
5.598171468042212,71.52004215632832,3.1344061782060773,3,2,87.20454222963353,3
6.666315533258869,78.94320000064202,2.740681001257712,1,4,85.85959116104053,3
3.7395014099911275,84.67957629319513,3.859181997881938,1,1,88.48354814803665,3
6.728496769397273,73.19027516335615,2.90540490936246,1,4,76.8098197078633,2
-0.4150877107623545,73.48318890965656,2.9568310708766368,3,4,65.2196699529708,1
3.560020933556122,106.11296334099585,1.892088787489666,4,4,74.1158019972157,2
3.1518743853178695,76.39434596186113,2.9022825767386182,2,4,75.70551546012756,2
2.4929879752564768,81.76957631226993,3.4182420689824706,4,2,78.62611212798863,2
4.570090323842098,81.32762999200715,2.4661387114807276,0,4,60.48201859672369,1
5.77149993636339,80.78643192229558,2.6246398327535934,2,2,71.01200121469053,2
6.405319996998612,91.21346739969103,3.3963555088668325,0,4,73.66998585758806,2
5.481753514400816,94.4814295047205,2.2616713882409734,3,3,41.36667511883956,0
3.6686130702129063,81.94045568468408,3.5289005037709593,4,4,87.48757172060652,3
5.738032875650334,72.63521713407651,2.733928054913449,1,3,77.46023934960917,2
5.248571389701701,97.74440227848903,2.8057158897543983,2,2,78.97978305672329,2
6.872112335872032,84.04658908803317,2.438060797437203,1,1,67.26755533457579,1
6.553873405863033,102.30321814857169,3.1890231302139416,0,2,83.79375563295379,3
5.060952827841258,62.54414102434837,4.22993599251469,1,1,62.52111264099844,1
3.205493987677486,86.9540322128332,3.390748619730316,1,1,64.87778633653295,1
3.6940996883358386,104.18606333876208,2.567857369029732,3,4,84.42495068612695,3
3.9004212807239336,81.46735864561842,3.567810292745738,3,1,80.35742604216075,3
4.369467332167488,82.74506576665364,2.8416602270328752,4,2,55.8359960224756,0
5.536100855179507,87.95511691590339,3.6872424907137797,0,4,98.66056305132054,4
6.430348780256117,79.41204181115043,3.4033382010821813,3,1,63.622535196402794,1
4.8977626139692445,81.87928067947267,1.5284292172641334,3,2,73.01109668067991,2
5.032249575800945,81.62184905808597,2.497960183522486,4,1,101.20181079902927,-1
5.286612610000008,78.72579265573627,3.472192611417695,2,1,44.103276461848665,0
3.9681893737353198,97.2885655020056,3.075828636072509,4,4,49.4060877004554,0
3.149215484714088,89.61078032296435,2.488122026146075,1,4,81.62900530632777,3
1.4891242053785803,87.50628232103303,2.6832052422530936,1,2,37.82194926219271,0
3.609701283846255,93.08571006890116,2.0468816899553097,3,4,44.34759746272318,0
5.946290906535574,82.35644166796533,2.955813356236802,3,4,92.62736739441212,4
3.594177123920865,77.257961816471,4.105344863007883,4,3,68.86689947393864,1
4.52438592514812,78.97375695385443,3.402466695366163,4,3,107.94134338945224,-1
5.932862574824634,85.01783041104609,4.095208500594212,0,2,59.478453329196505,0
6.041378992845337,74.40788291627098,3.44119854489499,1,4,70.2227730169428,2
2.840934295667922,79.99738983413324,3.513739671676346,4,2,83.10946089267878,3
6.994118712907283,79.83883358128566,3.987039343872512,2,3,82.07292726262858,3
7.254700178710971,106.24556229829014,3.188631629671113,0,3,71.17650576766732,2
2.7403002855628804,57.261850600660836,2.90638633924656,4,3,65.27309983586373,1
3.3523262607176916,83.20380278594367,3.516328758311006,3,2,78.47043486511936,2
7.382181366292383,102.2569379281477,3.726920118560942,4,4,95.65328829263774,4
4.706292957489398,86.21844464132454,2.7600176786438957,3,1,86.44213034359942,3
0.5604441050962983,92.53417473421092,2.639215458829985,3,4,65.51297375534797,1
2.2006369905346275,85.99826315099767,3.06942801621544,1,2,60.1234103088099,1
4.501260749655038,78.3266661878352,3.415749433465831,1,3,64.60816518435063,1
2.6739146994307963,62.58084065491087,3.3990455243307807,4,1,55.89385671951277,0
4.173152458727118,87.05455687036303,2.2879161999062005,4,2,77.21114223490866,2
5.064792427367157,77.24393395397608,3.955803033531661,2,3,87.20679268101426,3
7.924509208069457,76.99664593834696,2.6794175353015746,0,2,73.92990002249395,2
4.419092167544422,80.01012744020888,2.8674675015557103,0,1,100.79650189394273,-1
7.145083599145518,102.44861406623494,2.54867282000609,4,3,101.63121862732034,-1
7.8575203240735405,109.04837542253972,4.349164417968543,1,4,79.61602903242633,2
7.868619338704152,87.17207937528401,3.1210353351439837,2,2,85.52906610715024,3
5.569509186771136,80.35232776088273,2.5745124596592177,0,1,61.493130330458285,1
1.0734217043220515,73.2277358254879,3.431961774981223,4,4,69.58790259241233,1
5.92164973080773,89.68540161546069,3.3845678896550164,1,1,94.08405566649824,4
7.0967997756270815,102.82905600065143,2.906136488210058,1,2,66.31091074067338,1
4.837865789129165,82.52659612974843,3.420303356391692,1,1,97.31069710524677,4
8.489167740150497,61.21003959246776,2.5873540195845677,3,3,91.6884615311225,4
6.719667122934915,91.70049671815524,2.753540862525374,1,1,86.27435941569536,3
6.136546754305568,94.85399711450049,1.9948916727169685,4,2,57.4095766551054,0
7.172761422411676,69.14154359614153,2.3380244578902185,2,3,70.32020273894517,2
5.666739702521756,86.76484183662953,3.9038154028353427,4,1,84.66313258266192,3
0.01437900120929303,89.51226016136098,3.8207143138611572,1,1,60.21377888246955,1
4.001722097059269,84.26892697991062,3.0328943243244812,2,3,72.14884129175103,2
7.394336054495707,77.09229080914646,3.8314657235949188,0,4,86.28196423691458,3
3.3848173198034077,95.15937223563556,2.9199627566958477,0,4,66.47741658116556,1
4.553054989526122,80.96620254031318,2.8782948487160462,4,3,62.303182630970284,1
2.9103273721938576,70.14813837300068,3.028255324232778,2,1,47.98838311817731,0
8.567845190403538,64.50525514330319,2.9375392023382174,4,4,69.20048703428537,1
8.36298491483603,97.6084951999931,2.89240183821991,2,3,86.59772269215206,3
3.2322622097185416,91.16663976471118,3.5716990535747764,2,2,61.90644487010253,1
5.294596000778168,85.8797354712917,3.0750678269781018,4,1,75.2680815970156,2
3.6390119044719045,80.59725363149197,3.3562408822169023,2,2,71.63686092308899,2
6.229889278062756,79.71001585796873,3.5156902626386657,1,1,65.00064666047929,1
6.019366154484658,74.24263351558389,3.1940928978273666,2,4,87.56558399063832,3
6.623411143226531,80.68544355440115,2.5148643370458807,2,2,99.63408421748844,4
5.663836895415774,63.79912784879826,2.3235670555179806,4,2,90.06506915462555,4
10.870812412776935,77.63936346531486,3.0743903174036524,0,3,64.56095396323929,1
2.944152469978522,81.89062483648907,2.9143718475875326,3,4,104.88548495768917,-1
1.5787932911269715,91.09880047190418,3.043695714460061,2,4,90.02104365345099,4
4.213819598597077,84.60073536626636,2.991972980375707,3,1,68.13964396553564,1
1.864023468879465,92.9492311387556,4.291786830083284,2,3,63.37010426832129,1
2.0150754599880143,98.4913510511343,2.334886872179331,4,3,91.81558895767385,4
2.997370691604066,95.58170093824101,2.0050268650894374,4,1,77.6065380293591,2
3.155622189136745,89.70509847378557,3.166188416759805,2,2,62.238527269684084,1
3.0907637960998797,85.11862679180784,2.811788722705902,4,1,72.77836530792176,2
6.036437900890823,75.19211991586441,3.1580339348649757,4,1,68.89204773177958,1
3.9876218778293278,92.39944051379317,3.2919415111420007,2,1,62.63911321967943,1
4.64097085025504,101.7974738222153,3.642052347589449,0,3,90.21879379892201,4
6.78846554900187,88.42106039650419,2.2463870898080307,2,1,86.7258628247147,3
3.4673549504371475,104.17259148426123,2.7216410510714186,0,1,87.57812216338891,3
4.4709082025905555,69.74428291938916,3.214380629440382,4,1,87.37005589979269,3
5.731519972185831,73.45836615220459,3.3852317978436135,0,4,61.25949382938604,1
1.1168643987595575,93.55201507748262,4.096724775144192,4,2,65.94469092304504,1
0.2301889820988352,87.64290210153251,3.4778519855569336,0,2,96.87986284406493,4
5.692234657595446,98.13782176571807,2.9716057020568614,0,2,76.62018183658498,2
5.9840285611337976,84.8452835927326,2.5547821235286694,2,2,52.94293959443546,0
9.128440269704821,76.32024577471668,2.7178550736404903,0,3,78.2541649139362,2
5.31618975173362,82.86406757794957,2.703648588521447,4,3,84.821868925022,3
6.63947943451619,69.67316029076267,3.3276168142568805,2,1,82.86062156055313,3
4.609054712828052,73.71409326902966,3.1284987227929153,0,3,60.931955952575414,1
5.594454443170172,94.7244399791801,2.3381752145789108,2,2,103.30082338886331,-1
8.334513683499068,93.7278741446961,2.7820492654547837,3,4,52.491081193368714,0
0.7520143637487289,88.63004284806077,3.4387737767257103,2,1,76.66344645245118,2
5.827232515143361,67.78922479039531,3.1758311774870296,3,1,101.04829279149124,-1
9.271173460154731,81.41596424487112,3.2843223080063852,3,2,83.87485625903167,3
5.564068438418685,72.75000111339949,3.1914608550286316,2,2,87.54329353577033,3
8.301145926465695,96.76533253787765,3.8132153673044296,4,2,59.20253776244797,0
3.741575700941115,79.16277866437399,3.118021531912185,4,3,80.20569686395307,3
4.935905011672573,74.1425228921845,2.806988601064651,4,1,74.45096005957579,2
5.067049404777175,85.29796165121425,2.54212247943322,1,2,58.049337462534524,0
0.5648178412824585,78.59845543165389,3.1248047291048557,3,4,87.97607234212443,3
2.6636443442995996,99.83743910203707,1.779647992612458,2,1,62.70769892023996,1
2.806249841232028,77.65189102465808,2.907855499083644,4,1,64.48613051747209,1
6.644132156065055,71.00771740775369,2.897080070039328,4,3,81.48868983127272,3
6.7443062113681105,63.470864842424845,2.3177645731913596,2,1,72.85131831532478,2
5.648072885413066,84.69213497586586,2.535867080672002,3,2,77.53932035484019,2
6.648205793711412,79.38069886142074,3.4048287650741207,2,2,71.93250511845245,2
4.6717011745564525,70.71095393488272,3.115355874537481,1,4,96.19591265256064,4
7.403863339079086,96.89226461255785,3.0508941668536638,1,1,61.124540291420765,1
5.017576885264144,91.67245147429242,3.1531737669660114,2,1,68.02786829690982,1
5.115728094853513,84.7178212106277,3.046313793974462,3,3,82.2175733636884,3
4.4688147334751775,98.64326244170867,3.621431281429157,4,2,60.18123249538472,1
6.3689009552728555,91.62536033398612,3.061714590851824,1,4,59.51664926406186,0
4.1576023667741735,76.77144098481568,2.2708934430906247,1,2,77.06615841004707,2
6.952862754396136,74.60779836009235,3.815064982437205,3,1,88.01030068378316,3
2.7357017185679866,93.17981544453862,3.185170133664423,1,1,89.96816723691383,3
2.8021674905436122,88.96366956467351,2.7053731346024663,1,4,76.37609813980923,2
6.374853510253009,86.69747767970662,2.373299140852491,3,1,64.9180101225401,1
4.822911570833974,76.53502197131093,3.1979571104790225,2,4,79.13494796451387,2
4.092217167693743,91.07947567005753,2.941413997512812,4,4,83.49207463068555,3
6.780115464950919,77.44501116866051,3.7870733930162044,4,2,78.92790988935411,2
3.7854771718278313,83.98013345406322,2.827046359666586,1,4,93.51254788187063,4
4.59959749139926,99.4694414638698,2.5813096051587667,4,1,59.78758102117549,0
7.798455900142319,78.39165764189855,3.4478981091179643,2,3,64.54535973534657,1
8.0782846916213,69.27010742927139,3.4626409463584156,1,3,91.43023791598085,4
8.144796420540654,74.4745280812989,3.0843256838050976,4,1,52.90470254227104,0
4.435748446132178,94.94298826687623,3.3381785238374544,0,3,66.90921409377749,1
7.461405809968941,87.54731137380209,2.981156439628881,0,3,64.02689557910458,1
