study_hours,attendance,previous_gpa,extracurricular,grade,grade_numeric
4.617806796043108,70.61168581632195,2.986503500530919,0,B,3
6.921947499139945,105.95266056437598,2.6142067166998877,1,C,2
2.6833139328757416,88.81819549944588,2.151410364992682,1,D,1
1.550170032161701,96.59970666641482,2.8894420177631486,0,F,0
5.627911373541246,91.81817358297174,2.925411674025701,3,F,0
3.6488171457865946,85.36585008966343,3.382525846781541,1,D,1
1.7370978659707665,79.59250435061797,2.523082896394631,2,F,0
7.459040885505091,77.69662765988112,2.733120929136628,1,B,3
5.328625316235965,92.7936651437781,2.5377042330276205,4,A,4
3.95861533091508,92.26992115048796,2.890975013139962,0,A,4
3.0726318316151744,90.58448483872961,2.003503018921088,4,C,2
5.349132296686721,83.82233800153726,2.597899562687798,3,F,0
6.030834397851055,89.13235915105571,3.314858106480685,2,A,4
5.651865345606898,80.77146601659281,2.3872776718372726,0,C,2
1.9621733574622366,78.19177322628042,3.499752947899842,1,C,2
5.9537041284740715,82.2267523435807,3.4366808658141332,2,F,0
6.388899018693996,82.66669672744287,3.4785117119194293,1,C,2
4.313191858595331,99.64202631182478,2.997738429745782,3,F,0
7.079220763897836,71.34969952096188,2.952799901227899,0,B,3
3.29616521411523,84.66969091013262,3.1598046475956645,3,B,3
7.581169572062005,91.32346382742104,3.6601334300164616,3,C,2
5.264631368861289,104.8553450783438,3.6146385549300333,3,B,3
4.007661055966888,78.92565773921456,2.1688823640094537,3,A,4
4.363103019338448,73.8408229275376,2.562847642965205,1,C,2
6.998569766859929,92.22998658038425,2.4730301884053345,4,D,1
5.474484699830752,86.6485801047263,3.3633864891430933,1,C,2
6.290134653015113,82.79201916866721,2.660357376517757,2,B,3
7.14933860545082,89.37627893798131,2.898304663566635,3,C,2
3.948045868133364,93.61844207059998,3.8539742747780528,2,B,3
5.254596672158725,92.37039969638766,3.5604404911483867,1,A,4
4.551088079366025,88.01726664220625,3.688099471227473,3,C,2
7.034115955912675,98.16805472284196,2.6415229803900213,1,A,4
4.2350891626588805,86.97395235264277,1.6142904207175701,3,A,4
5.095663528723743,85.4312088497065,2.8022376491929784,1,D,1
9.591449202295065,92.13891702093129,2.2800255782355974,0,A,4
7.570232548466155,72.39470377056068,2.0279752851853767,4,F,0
2.9295437796091597,91.15755289645116,3.564336413486634,4,C,2
6.803952214716036,81.96781068225441,2.554075643636143,3,F,0
6.37753857671328,71.70014609061985,2.5967188001073525,0,A,4
2.7987273243302164,89.25184479961617,2.817118093341884,2,C,2
4.779888528420788,80.4172749270621,3.8232472395194206,0,B,3
3.1045938775655726,68.8551571137005,2.9191928696459195,3,D,1
0.21479645096144218,76.28860050917254,3.4757947931147952,0,B,3
4.708056950914502,101.89651317203713,2.8423270463467403,2,B,3
3.987819740985611,79.43304531125725,2.2097690593182353,3,D,1
2.7981952293607795,88.22968385071864,2.405081970920053,4,B,3
4.9808274666552075,74.15871432356202,2.998106716815818,0,A,4
0.7587750886824729,106.00928597251769,3.0538177807515123,4,B,3
5.082549878686079,85.69336808472488,3.271354965622688,4,C,2
5.030796242222276,78.15946218898819,3.271562407850001,1,B,3
6.357479106441194,93.85094319878361,3.4500813667222405,2,B,3
1.7936415282575835,105.50199392050014,2.615423997723301,0,A,4
9.278848511716653,80.91740649266686,3.9136093628601585,4,C,2
8.511604450833762,77.95955236489523,3.959378761858322,4,D,1
3.453570463668391,107.95160672053517,2.7397321642582244,2,B,3
7.919477711334223,83.77321956240387,2.6030403588414974,4,B,3
6.71414422548505,82.63397596216969,2.107595173971669,4,A,4
4.121149748427373,63.5561984959436,3.085444563578419,4,B,3
3.7862939883374715,84.6633625585754,3.2262185193454713,4,A,4
3.937550829842726,71.44054162120875,2.7103365940563946,1,B,3
10.652737753938744,79.39906882851824,3.141382283273791,1,C,2
7.720238857822805,64.85698366175879,2.306093244602649,3,F,0
4.594454212234928,97.35148495370728,3.4838368876041024,0,A,4
4.767155199940439,70.33389247457653,2.7345110679774267,2,C,2
6.694896421362624,65.5924935738438,3.1443798267760346,3,C,2
6.607288496965278,75.91782804482338,3.105078523529977,1,C,2
3.086247645235381,97.47336466402633,2.0197790873158286,1,D,1
5.59507727044048,80.55006900465789,3.4170162331363843,1,B,3
3.8949129433132947,81.88741185044428,2.6077783334671802,3,A,4
5.30439956263216,89.78448860429296,3.1012523383011477,1,C,2
4.903973733718297,83.48341838384296,2.295059807708337,3,B,3
7.035288944487534,97.37958821208167,2.760311406129295,1,A,4
4.463446157351108,82.60369832369393,3.181624433465477,4,B,3
5.236634969121752,82.76751755101628,2.4603486063361295,4,B,3
1.2438163322339992,107.64193283830899,2.4877369282123456,0,C,2
5.647305858306565,85.55165399203953,3.0625340571302426,1,A,4
3.4429565457981752,87.3057064176648,2.916242772606295,0,B,3
1.9657299403147572,82.89574272440768,3.174652307516406,3,B,3
7.258228455171473,60.71765518712904,2.816096339192703,0,B,3
4.916461265068052,93.72870344938991,3.320749289264431,1,F,0
0.8456817605280369,101.6053253740786,2.716522287856097,3,A,4
3.43275287588461,97.55715316940817,3.2985322928770295,3,F,0
5.010003502870408,79.41918395686133,2.5466091078651374,4,C,2
5.069498279655612,83.26792776178937,2.694504522391153,3,D,1
4.001188621978334,88.49187227854718,3.365335453031613,3,B,3
-1.7305918396652729,88.13935344965351,2.7428096992545616,0,B,3
3.896175687013018,91.80969756945524,2.4143848315140213,3,D,1
7.14206662944534,87.03061354896349,3.8650579366855924,2,D,1
7.804788929024873,81.38672146636236,2.98243333269092,4,B,3
3.785018073152802,86.3694560863777,3.2357260385939903,4,A,4
8.76666821933801,94.98785248291418,1.8689598515610624,3,B,3
1.7659778305037044,114.1627846414718,3.6659042897706193,0,F,0
3.3799369627408833,80.01058768508824,4.323115461632257,4,B,3
6.782992247432137,87.2620456232407,3.6210912268467847,4,C,2
6.468110410006539,81.3671877172154,3.6923513515013906,2,C,2
4.980761843009295,88.07551610365067,2.795615059447129,3,D,1
2.7617483758393764,94.75652638788105,3.1259115073310175,4,C,2
2.7564039528046442,82.91876264289708,3.244038576259948,4,B,3
3.5486325974835546,64.539676644826,2.6511949804242576,4,F,0
2.8433172763598917,95.28573723350866,2.9379702857538583,4,C,2
5.261406301181807,86.30419107509312,2.499503457278729,0,C,2
4.815465296465051,81.5796797253466,2.802246884935395,1,B,3
2.6772763381941647,79.34712474386014,3.42044578519356,2,C,2
4.290234265332262,88.11204812444866,2.117118767240947,0,B,3
-0.2988729626162243,78.04126929417295,3.476551803829576,2,B,3
5.678440958650156,79.20992960138078,2.2113196964034185,4,C,2
6.433451209761142,72.51381363395825,3.026228133601701,2,C,2
3.1763797723860083,78.17636879808748,3.0717175685026827,3,C,2
3.4272480462692885,91.30863758837522,3.2864081109544605,3,B,3
5.515777475922507,71.18829941039562,2.9097298835930183,1,C,2
5.2125322783391415,96.52067343332024,2.4776527594527056,1,B,3
6.546236712163363,73.21046747159957,3.092254723150931,2,C,2
3.4466406598727577,86.49935813809009,4.086252794587276,0,B,3
3.678885325455526,89.8494880760144,2.9927954206660115,0,C,2
4.558603033087356,93.24641953599712,2.5593117178760325,4,D,1
2.8677557509092795,93.24891928482835,2.7664282778655687,0,B,3
4.5150418916922135,84.15973143024313,3.0751189848986966,1,B,3
2.9004536834787205,83.28448360951715,2.8656893576732165,0,C,2
5.835140435134734,90.96534331491735,2.7962092862014853,4,C,2
3.129388089639199,87.7802730333943,3.6637160586653303,3,C,2
5.505785492320038,81.54178576928956,3.2586408582441186,0,C,2
7.913232475696075,88.70972558468615,2.9407403180846643,0,B,3
5.856448353413689,83.32872148434002,2.944570710689381,1,B,3
5.3517721115217345,78.99464591338905,3.0865894157672575,2,B,3
2.2727199835348113,81.21659479548003,3.2801571725652394,3,A,4
7.7780690656362115,89.86418831849281,3.641157478244247,2,C,2
7.231456444038109,75.71912384938726,2.7940438564828627,4,A,4
4.687309465956434,96.06335693480997,2.50278941709588,4,F,0
4.231765988215749,79.4272641363613,2.721946156178432,2,D,1
3.372039690629739,62.401078260940245,2.5622038946614563,1,D,1
8.578753887431642,90.52542317064716,2.236996272925063,1,F,0
6.567929147832484,57.985396131857826,3.705299708004892,1,B,3
3.4831844172798654,74.88080936222653,3.4272930625662803,3,D,1
7.198539300944144,109.2245642292124,1.8582415284656226,4,A,4
7.678297350315082,95.59993119403983,3.108973433980041,4,A,4
4.957574050166575,94.77375758554413,2.8116326902920403,4,D,1
4.311305292659059,73.81180715990835,2.752045835147935,3,A,4
3.013833094325692,83.1336950393686,1.7567392636894055,4,F,0
6.4148570684458734,97.41429951877232,2.987378289966022,2,C,2
4.145848522846858,91.39637574115339,3.038465295605214,0,D,1
4.063152107025686,96.35856944979108,2.411552226668648,3,B,3
4.976941980716137,102.81535131217645,3.8113730769952077,0,C,2
3.3639852285552214,91.60109875699902,3.395674565396684,2,A,4
8.056846602606296,72.69316117899606,2.4668318650392678,1,D,1
6.9358235801961285,90.98381877580118,3.5115251867350716,1,A,4
5.153114687886832,82.64469167139126,2.7672230056564837,1,C,2
3.297506776726718,72.09140167403157,3.5275541603574596,3,B,3
3.4054833852802173,93.94557767576508,2.2785512278318714,1,A,4
3.3172826066555388,97.02072844973665,3.085030861252909,3,B,3
2.5386055482841012,84.06100446424796,2.3918649810842325,3,A,4
5.645371907479192,88.20476152260467,2.5813137688320755,0,C,2
3.7151244794366187,64.27331049685999,2.0341677098239095,1,B,3
3.6008976736277245,96.23773108348604,2.382772108437056,4,B,3
3.3721261946031476,92.93261339727964,2.3798518445736656,1,C,2
7.00715718165546,87.50223914120006,2.3173246342198435,1,B,3
3.4828509995144845,72.4755042381631,3.094307328106814,1,B,3
7.53808897000323,68.55625558762861,2.1169051262359364,4,D,1
4.424612422530302,105.26575413611268,3.1494051785712758,4,A,4
2.509838424183045,75.00429487713288,3.502945515884573,3,A,4
5.938535605007267,86.34184142290107,2.555472342472251,4,B,3
6.774552379915168,75.3130766226047,2.957526259352693,3,B,3
3.2839333934112034,62.110913113456114,2.8321780078563092,0,C,2
5.126481028927527,89.48006999654002,2.79424287744512,3,B,3
5.6369256762992554,91.03860598833765,1.7222539691618486,1,D,1
5.191267704446209,68.31202977632589,2.436595513196233,2,A,4
4.0837114524715465,96.08285220444469,3.7307130592886075,2,B,3
6.7632407288341305,79.7339827171154,3.1619218617058134,1,B,3
4.497766281195851,74.1740959233595,2.8793124137855854,3,C,2
3.7886402527790257,73.51818669651846,1.989632860779963,1,F,0
1.4698341873538316,93.7122619809711,3.2965842382844484,4,C,2
1.4884842097766797,65.76261929857452,2.5441734313446625,3,F,0
5.431807741052455,72.57827972607532,2.3812657889501785,1,B,3
4.845900175747993,89.31599641148152,2.431388179798841,4,A,4
6.774890038239258,87.98677541524413,3.255323704035334,4,A,4
7.260568683059729,74.78018342652356,2.9645191627619227,3,B,3
4.509792822868338,97.8634071463941,3.4322986083614846,0,B,3
6.897299792820207,73.8693350895725,3.5628606190647725,0,A,4
3.876307774164466,82.9145262934241,2.630266111721704,4,B,3
4.700220299895366,81.59071114564844,2.9786523856933336,0,B,3
4.643030145997746,81.62935174320424,2.8484918704140787,4,A,4
8.158125092467285,83.0466929213602,2.319101068126817,0,B,3
2.443027786107536,82.74801495129581,2.3910404307340016,4,D,1
5.118275312289338,82.62485832210884,2.9179140502265257,4,B,3
3.6079298453402213,83.1807284244462,2.971467174494666,4,C,2
4.401970055006449,95.85357124311881,2.9725584114018337,4,C,2
4.316434857354302,82.67586387882905,2.973342410132034,2,B,3
5.144127867088868,91.91946027844227,2.5920028536562203,0,B,3
7.693835005618897,86.48722590754038,4.060719036022759,4,B,3
8.804000734014759,88.66230487624999,3.115901652559611,1,C,2
6.3131429955063165,92.77911235412623,2.712236415731734,3,B,3
3.041734066638381,73.59728009801665,3.2011582182057885,1,B,3
4.650746388869153,91.27399926969075,2.5743877791112846,1,A,4
5.521204261194884,82.87845920782821,3.0133680485096943,2,D,1
4.186153475329661,75.38994000875778,3.200347888989106,0,B,3
4.445850047627471,92.75780029522325,3.275468324899367,2,C,2
4.857678892116102,80.74604019441857,2.3713420875875015,0,B,3
6.544424342209252,88.77494765064914,4.5145464957372745,4,D,1
6.060363390806764,57.875514044169215,3.5909009525492666,2,C,2
3.779668659024488,92.26082732256958,4.016252489510578,3,B,3
6.185668341266149,110.90092177754269,2.871941999700351,0,F,0
8.448722718668439,84.92335186942532,3.1233960486192367,2,C,2
1.9741031313247857,82.36445010457777,3.018229698509293,3,A,4
4.125340810918625,80.3870897796029,2.726470361206368,1,A,4
3.9732895856071866,90.55596211571671,3.378804459513206,4,D,1
5.159833297083471,81.95894135176687,2.5581743396993404,4,D,1
1.3522496593571858,91.4755841439362,3.349125468452763,1,C,2
7.722174551250262,102.22448066875613,2.7509543476887015,2,C,2
5.093583524666318,93.41038960548278,3.1995138875300393,1,C,2
5.596266794418447,83.25333711321453,3.7308160538156185,3,B,3
5.3646327604673925,73.84524497588933,2.9334932182513107,0,C,2
3.966934996080224,80.91781154643084,3.3901118922536138,2,A,4
6.397309011133149,83.39313434319735,2.745547958003814,0,F,0
5.010460038687152,71.81400639538131,2.4093330096339654,1,D,1
0.8306701292501542,95.86935217832684,3.8308645651530084,4,C,2
4.783672729621272,90.69086289489917,3.3738545755235396,0,B,3
4.444855382880863,74.5140870572371,2.932789712107551,0,A,4
6.393483373776851,67.20784612670404,3.3482043289493713,4,B,3
10.402826177979406,92.17851910635363,2.4918025111763447,0,C,2
5.755370556799994,68.56657090360338,3.2211197717555375,0,C,2
9.239597095578812,85.83932497054083,3.10850249911269,4,B,3
3.6275471403770547,80.9048053122253,3.325272074220205,4,C,2
3.7557523303413634,92.99977467914063,3.820865434769362,1,D,1
4.507132175886451,93.11565219707524,3.724123007684955,1,A,4
5.850384280740183,76.78724179961681,2.3055803868072924,0,B,3
3.718794703886231,93.87966451631954,2.002376708471174,2,D,1
1.7763071331294968,82.10534078676497,3.122854968723617,1,C,2
5.046110376959659,85.18963938165858,3.0846690230281015,1,C,2
2.7140120584468064,85.39459676255366,2.4319203586642146,2,C,2
7.231657999657765,107.4816696100584,2.519614992163155,2,F,0
6.287740620741824,83.80602913961988,2.6148233121342006,4,A,4
3.480950493480445,68.28097065491318,3.6675143326368302,1,B,3
5.911584126106703,77.85286498858638,2.7637518195327155,3,A,4
3.9036828757772946,92.38044529391571,2.248060046322343,3,A,4
4.895615732843858,82.15932039836005,2.967784176639076,0,B,3
4.916657089855256,85.14956140832021,2.9986357766375304,1,A,4
4.328738951030374,80.68048170084066,2.4839429355981193,3,F,0
6.661359755069899,56.833914294802916,3.295194396478887,1,F,0
2.7616725936211277,77.21993091260154,3.568619520448003,1,B,3
6.07395224139976,84.22707790919154,2.8223124537850053,3,C,2
5.609058237578713,67.30525221243018,2.248044859694303,1,C,2
2.1908510566737336,73.21157310752456,2.8631274187769225,2,D,1
3.411157766295654,81.59997324237881,3.1508366306199185,0,C,2
2.812241542714775,81.68684821370073,1.9210452845914034,4,A,4
4.267146638733822,88.94421878944894,3.2407584771389937,3,D,1
5.096852914430169,82.231429078035,2.8125011757512905,4,C,2
3.1432270917860157,88.57633773559036,3.0218587257415415,0,C,2
6.9382572116479055,77.99959104933559,2.8551884863961847,2,F,0
7.115565137949743,87.11567899936674,2.623280104526565,2,F,0
7.4688392538624075,99.71115148028447,2.9445041820173716,2,C,2
-0.43609037976059284,87.88966700966903,2.74553986912544,2,C,2
8.896336468051413,82.64984170627544,2.8212095125259027,3,F,0
5.332108741071346,75.5726387781355,2.559790994012307,3,B,3
5.094599026613797,85.86975409921776,3.268387492941954,1,B,3
4.796252352932367,82.82005409069274,3.618399270676404,1,A,4
2.3575025987672786,90.61998652051794,2.563361238837887,0,D,1
5.719516187404394,66.78085320762226,2.941592476273912,1,C,2
8.223888692872602,83.11892968278073,2.4524030339581806,0,A,4
5.308047634438851,89.19280877910171,3.194016844171896,0,F,0
2.7698066536172057,86.29382433008091,3.112121518536849,0,C,2
1.9493865968101964,81.67480395167186,2.7105186892287314,2,D,1
4.411952523517762,81.53646976340164,2.9586255080942334,4,A,4
3.511946354980325,74.0115317402166,3.432637802180452,4,C,2
6.405149587912777,88.78871885689274,2.1963142148334334,3,C,2
7.740837481266604,89.24885303393475,2.354088377382481,0,C,2
5.939302972483811,70.86894810203972,3.290917300388227,2,C,2
4.829815679292969,92.64637511621017,3.0272389228869563,1,D,1
4.734936749158449,78.45391263466585,2.9649166502743975,1,B,3
5.142167166593058,81.24006618399578,3.4714929433132236,3,D,1
2.6801187351511713,103.53896445695165,3.352216986873358,3,A,4
6.204530524215836,101.01919869287829,3.857552027171916,0,B,3
2.8383656188664226,70.53402548430277,3.447468300177403,0,A,4
7.232337638381761,72.21003064170225,3.26286275646953,1,B,3
4.273505751056143,74.49009626902964,2.9730196522658097,1,B,3
6.6616182016046475,100.86224532210083,2.9279183434319456,1,D,1
2.0534613684339047,78.92791130407136,2.998379950786172,1,C,2
6.647519229551685,70.25839052210084,3.111489927657147,4,B,3
7.725054739313716,97.32446548969168,2.3966345092974657,0,C,2
2.436845081899055,90.93940675255394,3.131797040261116,0,A,4
4.772992781088611,107.50938308530861,2.878336753313137,1,A,4
5.669772278242526,90.91931404398218,3.178525407614846,2,C,2
5.767735720225318,84.68117106240622,2.711162346942327,1,C,2
4.320893831566044,87.52701008949808,2.6702874703145922,3,D,1
3.968329362831671,80.4700534072471,3.1153571612630784,2,B,3
5.506525891835385,98.05495866375303,3.238635219150212,3,C,2
5.705107855167161,98.5827573519619,2.698032954002568,2,C,2
3.7451901736349833,69.1707926007884,3.659603591859478,3,F,0
3.349916082219865,94.42527127457642,3.6561747096749793,1,B,3
7.422751443592533,74.28931262259148,2.208836888371724,1,C,2
5.215337511409997,109.13736135464242,2.611486525065919,2,C,2
0.4565909640011956,100.17043085954795,3.0581037622349,3,F,0
7.435022116704614,73.61972932311558,3.1853856735042463,4,B,3
3.8057138933174253,87.38998748482086,4.066169986297241,2,C,2
5.133480645859743,94.93086382732679,3.0704471400292532,2,B,3
5.749728558268728,78.763073868399,2.9417962028427267,0,C,2
2.0326331154777453,71.33657040160759,2.4309823457051905,2,B,3
4.422394984960553,86.0178632820265,2.2073033022605273,4,A,4
7.635148184667931,83.40635913404725,2.933163876958397,1,C,2
7.178718792003456,75.85719415992929,4.028692595987353,3,B,3
4.41928150623333,97.36092011217866,2.8941156368221983,0,A,4
6.431667583528888,72.11045457512732,2.6136341811119927,3,B,3
6.695049905919422,83.92135001507054,3.2260346987512674,1,A,4
6.59300288565225,86.81826287580259,1.997217376046568,2,F,0
2.7079491450343998,88.0897239951483,3.0396451186777904,4,C,2
8.282300540478955,96.30673210663889,3.4121890921122113,0,D,1
4.072314680688447,82.59963683999344,2.52622040003785,4,B,3
5.21867368551176,58.96576841428612,3.6844348845320583,4,F,0
4.297438395237611,81.13222777130386,3.3298412747029342,4,B,3
5.459522256978697,92.25663266655646,3.6889606177960257,4,C,2
3.2714712120780245,83.558494079791,2.311843689850357,1,B,3
4.549754146947729,83.63250956162722,2.909649953991889,4,C,2
5.365514357371653,90.26213321575986,3.461063284264115,4,C,2
7.449297956504343,91.58043360730404,2.251070653481354,1,B,3
7.207856958014048,67.13613188177979,3.473535844214799,3,A,4
7.309106037558651,84.81315869125328,2.910076554366171,1,C,2
6.737304482524442,83.04785778838176,3.4698144234638653,2,B,3
8.693350725089989,85.75119376061754,3.108735030695888,1,A,4
4.419718194365544,65.30243823806956,3.705413208918489,3,B,3
4.684463639420761,98.23085252810856,2.3540450002061974,2,C,2
4.602114112342397,85.06723832132849,3.1645351454645083,2,D,1
4.877738482004259,89.2499234004644,2.244217360814817,0,A,4
2.12755857696951,102.65984214007835,3.209769146713037,4,B,3
5.529521576534652,89.346527974005,3.163909958931361,2,D,1
5.992110048903573,69.6009309703454,2.857459218638971,2,C,2
4.485186439363293,84.13556329048538,2.6081013875623564,3,B,3
1.4853187258542477,91.74888092914829,2.837316997501767,2,D,1
5.0428611427515335,85.56628713856574,3.0488263349699514,3,B,3
2.410586492771645,102.06821470354491,3.1420933891513223,4,B,3
5.854622173507771,76.44037841274269,3.9661579882716445,0,F,0
5.2386232677415805,97.45122521987656,3.436708241271873,0,F,0
5.43474425338862,93.39067488959856,2.706551589614997,4,B,3
2.8779266535356296,85.88766685854455,3.2896878247831136,4,A,4
7.523167531043471,88.31329252060807,3.440659539240434,1,B,3
5.340418391748548,75.22311461947405,2.672016555871805,2,A,4
3.171525357045739,81.92743464931107,3.3510780182713065,2,A,4
6.159283297717934,90.77117505638142,2.256632982767436,2,B,3
5.195470772187429,83.50882856784887,2.653802631218917,3,F,0
8.67383401255829,85.60238709278734,2.2878846645568474,1,D,1
3.8942510836906417,94.92443296658286,2.89447148239947,2,C,2
2.5049331237159453,65.92756216274125,2.7631772585630645,3,C,2
5.578693421887961,88.69384794033333,2.8015220979033093,3,A,4
7.024451738273285,102.76538514433427,3.4077379773483925,0,B,3
9.645938084844602,81.23133350540252,3.045291213107229,3,A,4
11.837224358738302,72.55720976735296,3.4001615482877647,4,D,1
1.8959030882203338,81.10906647039747,3.8131751349240632,3,A,4
4.729524728718557,69.82917325634057,4.047332962317125,4,D,1
2.5115745132852485,87.25685072739971,2.9300979412017014,4,C,2
4.50523242523903,84.26305968044814,3.267372661193885,0,B,3
9.95448748457503,88.18731852102964,2.9226204948504364,0,A,4
3.3605773441758284,83.68764390653456,3.5070997076148567,3,C,2
4.956097312328335,86.95895117843668,3.409845055845721,0,F,0
3.8382773398792724,89.5048392475152,2.6697305275938756,0,C,2
2.9934084902101237,73.02352481816567,2.743314727372665,2,B,3
8.585580004686506,88.46085018714552,3.693023178643772,3,C,2
1.921485256375321,99.48207072195507,2.7254149436135138,3,B,3
4.834972523358619,75.38277722108869,2.9441023272508384,3,F,0
5.175926415046328,88.08326482739562,3.33752045451636,0,C,2
4.9339002225387905,97.94698847637953,2.917212189256206,0,C,2
4.368582316538118,73.4495471449473,3.7669825895190985,4,B,3
8.228685833835403,92.9785463454203,3.5165530028049203,1,C,2
0.7762376367727057,82.77975859048159,2.5579152991530156,1,B,3
5.872903487639315,95.11337955481682,2.7072466942401343,1,A,4
5.961998664979247,76.75542797908818,3.2937807706061184,2,B,3
5.573979524803002,84.90944792617739,2.97398804720802,0,F,0
3.3383122866184136,69.81510952871842,2.0297204976186727,4,C,2
7.41006215130182,89.37288911170766,2.514558563928076,4,A,4
7.309960458395783,89.48736728226085,3.1170476485855527,1,D,1
3.267822485588268,90.40802420398697,3.445274395856105,2,B,3
2.604234216177688,89.91599650258519,3.4524235185935517,2,B,3
2.2177947346524736,84.08924649489603,3.9814184775520745,1,B,3
5.450810323964406,70.22370341017582,2.654269468677219,1,C,2
5.093564078776381,94.9207778866264,2.678182910107325,0,C,2
4.277784163836338,84.61565740261199,2.9873359246699147,2,B,3
9.16263460006511,88.93484009201066,2.162013208889525,4,C,2
4.077831269285213,83.14784292286765,2.998462386599535,1,B,3
5.374999779295401,104.5876037296026,2.9022475744921783,0,D,1
4.611388877169095,79.32351357285052,3.3958589292626424,4,A,4
8.926236070322084,78.93889333990293,3.480760299280534,2,D,1
1.0206653787457145,69.38356139496126,3.178636781021231,1,C,2
4.380180069391198,86.12913599739326,3.0014371854229775,1,C,2
6.22851097618813,103.5840706453868,3.1820077207319812,0,B,3
4.5552235443442175,86.25037673528688,2.6035860653970047,0,C,2
2.3913347636391213,87.27115384277843,2.9586615555987543,2,A,4
5.353194067811458,94.73214106134087,3.008383009436122,1,D,1
1.757352921069225,86.62096555277259,2.9624573945035535,0,A,4
6.340469681183519,96.99289603066862,2.9144870150845907,1,A,4
4.173474162146603,98.47742450087041,2.6893654062248467,2,C,2
3.8370560834044465,79.07008005952673,2.4871986953769745,1,C,2
7.092312330446754,70.69569827807211,2.8974548716578736,4,A,4
2.993551597796463,91.89589685976311,3.297174830673989,1,F,0
1.9150668875664936,88.22631399625594,2.131297519980282,3,F,0
3.1790348211350477,74.54139787619822,2.7513591732747718,3,C,2
9.094001313546961,78.2196200520618,4.034548026947534,2,B,3
2.992624835059135,78.18856787953376,2.9035116161284398,2,C,2
5.731046738752356,86.47458299578662,3.0756748762261736,2,B,3
6.686706567829412,94.97385047143922,3.9193644068354163,4,B,3
3.1205001307366,95.5337313910057,3.1597176364609,4,F,0
3.123091002945694,92.90823121254407,3.171134262456244,1,F,0
5.360317269907192,82.07912545859332,2.5449266629718093,0,F,0
5.450644434801815,107.2011248506899,3.1564116931215946,3,B,3
7.695234171604616,85.3322046582323,2.9926014576559052,3,B,3
3.461537151169262,81.111906590831,3.4624567471625856,3,B,3
4.245492975795142,71.3393350016346,3.638661382339224,1,B,3
10.676792711328254,81.52460272847615,3.015155955023752,1,B,3
1.4147495351294426,89.38773408255051,3.1910479760920056,2,B,3
1.0046237130288116,69.13760748825835,2.055062824377961,0,C,2
2.2339180487748824,75.458887403971,1.8821740851309938,2,D,1
7.203211015288339,80.32658773652935,3.546596094894815,1,C,2
4.123430135314471,77.24610139801716,1.7525515428799028,4,D,1
4.122706544810811,76.42128000210815,3.1636681336774988,2,A,4
3.069554660115815,96.24614111230014,2.9131724127058165,1,A,4
6.836836609144127,68.4932048124264,3.615676329809084,1,D,1
2.264892487497961,86.75369876847323,2.98241236784706,4,C,2
3.836996094010906,90.19078559761388,3.9011268314088063,4,C,2
3.1487151386086882,80.15911308134011,2.8980507880833972,4,A,4
-0.3445455964025559,82.73050930456974,3.5731744509669525,0,B,3
4.043522101949552,84.59453040243176,2.250881785248023,1,C,2
4.8816417783791115,91.34306266330333,1.8489811734563961,4,D,1
3.4489563012429776,100.30691166922372,2.9858939198656844,0,F,0
4.4634499495870354,72.15503721447877,2.299701814871902,3,C,2
4.514747788971769,75.8374039557973,2.9700367511979877,3,C,2
4.733948648071553,76.34091231222422,2.793402207894085,3,D,1
2.8919030093663567,84.87433415699594,3.302571639977681,1,C,2
2.777020862295193,81.00219434741254,2.4678130161617684,0,C,2
5.093893002098706,91.66424471685838,3.212326984224651,0,F,0
2.0478247243934122,78.43508227151396,3.43197466850122,3,D,1
4.571749937811507,76.11749734220473,2.897147499639905,2,F,0
8.270981247234324,77.3686250833686,3.23911553805574,3,B,3
4.922353026605086,86.15688815913242,2.5107155475188456,1,C,2
1.346866524660113,94.63923115487844,2.8086722952642234,3,D,1
5.35963642960296,84.5556480540297,2.3289647858697524,3,A,4
6.636980732461595,79.41838425205624,4.169386265523914,0,D,1
3.409365870971275,74.68962933643765,3.6143969394552578,3,A,4
4.402093444087642,99.61633819204592,3.830059638780187,4,D,1
3.2446224418283176,67.39035073318283,3.6072194702584737,4,C,2
4.075636686836809,83.13926819376292,2.6684203796838086,2,A,4
3.6689073666099583,92.39724876335798,2.232739334287075,1,B,3
5.871337037282984,83.00140820034552,2.7879634454929096,1,C,2
8.316524721217577,79.33678080895511,3.2376534370148677,0,C,2
5.11443090022013,90.3565781510485,2.8548736220800204,1,B,3
1.916514843403168,74.06218146505714,1.8826031971248764,2,D,1
10.058866604408331,67.59209591370998,3.3735374781592826,4,C,2
6.165797223488812,88.53164294881226,2.2008950453882528,0,C,2
6.572940878127793,75.04817401586061,2.788830023338807,4,A,4
4.872547699294502,86.3171876888064,3.8718921781069002,2,F,0
5.465458349352106,83.7673410471299,3.0245333689941782,0,A,4
4.316348262235256,87.61045394247517,3.538329517783825,3,C,2
6.8073918178053,82.72920061883784,3.17340997171059,1,D,1
4.045193343303474,90.51518656598618,2.4955488060968936,2,B,3
5.978748841114044,77.96451723171378,3.3646583652935975,0,C,2
6.938807432914121,92.81238392451368,2.96838723039547,4,B,3
7.491869771553853,72.82376557239596,2.257084765584323,0,D,1
7.063885393938225,96.72623982522441,2.1731686392943654,3,C,2
2.9528024436804667,105.51646191004441,3.1916346272641656,2,D,1
8.145492366605733,86.08111411032465,4.070672518937488,0,D,1
6.328517915680871,100.69173618255503,2.4618731554435516,2,C,2
5.611186567222682,103.28408462559202,2.521514319711909,2,C,2
5.841753515864297,81.79065629270127,3.1988981784211363,4,C,2
4.683220210979892,85.47864897042555,2.3430361769247163,1,B,3
4.066756273030461,76.85882493059042,4.177024374759441,3,C,2
4.262989575687797,77.50392124343574,2.5671645301420916,0,F,0
7.576254577079428,87.32870042348367,2.7505288340235325,1,B,3
5.1621036952997965,68.64171950493224,2.5977292579380116,4,B,3
5.563435770257349,93.3478329365335,3.467380423991285,1,B,3
5.120283951854391,86.67284767207856,4.0811247746744215,2,B,3
3.664150139216744,91.81331858206188,2.648377857899678,2,A,4
0.7063581356663589,83.1796878836672,3.4332887154851344,3,B,3
6.537440228405296,91.72526959388334,2.347046559657043,0,B,3
6.325555300294473,87.47645266212261,3.4796369597202372,0,C,2
4.977088226203431,90.07224982537764,3.8791803560984457,4,B,3
2.8195245817392114,94.01712217192295,3.7261782005994823,3,C,2
8.641637760680197,72.35051106112932,3.066412117170609,0,D,1
4.31769619099643,77.96925342823214,2.483593278495354,2,F,0
5.496503003205195,108.14821591776109,3.0003856168759033,3,C,2
3.5937033401439304,87.07272565834698,2.844555346412351,1,A,4
2.3005627273462728,67.8320262975717,2.776654280386531,3,F,0
6.1792659209388106,67.88757548864912,3.103274926110966,3,C,2
1.9983828723499384,84.2500869878874,2.966726779606457,0,B,3
5.45807685606578,79.76963132672618,3.35392192911647,4,A,4
5.4638864331923305,76.9362815594323,3.3571723573789667,4,A,4
2.760473590694201,102.93145134304095,2.9686007179561376,0,A,4
2.407165961852724,81.30886980077236,3.216128642300314,0,A,4
3.4591285918857917,93.20972792202267,3.6606926247026705,0,F,0
3.744878961324396,87.50124797709023,2.7341997228415904,4,C,2
1.9405310436756724,82.0511068529699,3.007946320973963,0,C,2
2.7497175870568875,73.5827549568505,2.485822390083691,1,D,1
5.151810211284972,92.6923155401265,3.239932065850951,1,D,1
8.97924663957188,61.55637492744606,3.099253900648858,2,D,1
7.015296055171226,93.70677474974181,3.230434798015472,1,F,0
5.321039527206835,86.51285537820459,2.5055703987384113,3,B,3
7.256683734656235,91.18576762423568,3.382782839948868,2,F,0
7.310926888065336,85.07763016787422,3.0510114354976903,1,C,2
4.390040114530568,72.65655870408008,3.514748914462395,3,A,4
5.515791677855438,89.01546724941163,2.7811330341873273,1,C,2
6.955795791432962,93.48899915534439,3.3412052780500248,3,C,2
7.228945061095878,80.20851185695258,3.2225157202786536,0,F,0
7.248145221225123,91.57392047915049,3.7623254326454196,3,B,3
2.945978525791777,87.96551633335726,2.9418450511310703,0,C,2
7.350103146521146,89.505521502108,2.722561833042652,3,A,4
8.71615381906992,76.40465301733828,2.7531067700108376,3,B,3
7.986855499717893,97.82162695948976,2.4458399879970583,1,A,4
2.8289559003960867,87.96030975122702,2.748464084407207,3,C,2
2.326047387272825,93.31709758351536,1.8297037880790656,1,D,1
5.930451365387183,81.1185008716097,3.684383139796721,3,B,3
7.949667940432819,94.8229081838145,3.9670239247184202,4,C,2
5.452335969033748,80.78057714312548,2.9262073499054697,2,B,3
4.530044335689322,76.08243754808919,3.2190506976477473,1,A,4
4.819622000150968,102.7184242355862,3.082004554426688,1,C,2
7.040984399883165,61.2733447865843,2.3434703393022795,0,A,4
4.35678484057483,114.8988934370706,3.513129765725054,4,C,2
5.961909313466585,92.01740199183656,3.5877252444185874,0,A,4
4.739273797370778,81.85191101616593,2.479508174522602,4,A,4
3.22332402865909,88.2607584684134,3.164944710188982,4,C,2
3.0666177686386167,92.02331457229518,2.868619361070678,3,C,2
6.050618628379928,81.67549821737647,3.5949610031222496,0,A,4
-0.4108072649901864,105.35242894176204,2.9585622221573287,2,C,2
5.958525467656113,99.75564486150003,2.9721035087430687,4,D,1
4.658760084591617,112.26826794661974,3.9104394097265915,4,C,2
6.892166259832421,72.7855871370339,2.3572921795977506,1,A,4
6.202928396040287,87.153050870198,3.1240252153932664,3,C,2
5.089241851601297,71.1298761616701,3.044325415789345,2,C,2
2.8652707834814457,74.08527661699385,2.69819294280945,4,A,4
2.9735286088313906,81.7373253273212,4.019910668109751,1,D,1
3.710069894291032,81.91821499343281,3.168274344892776,0,F,0
6.737188491776031,88.69903700214338,3.3358865473063624,4,D,1
8.537410246310085,83.89341882909729,3.4073019916553173,1,D,1
5.65978232776935,92.99974562510175,2.839572834288989,0,C,2
3.821562122584896,88.18905041753216,3.620882124805184,3,C,2
4.029951719301807,101.47533148893515,3.5202672226367766,0,C,2
4.121982533512336,93.28803560126786,2.938949804934925,4,D,1
7.080229028882528,73.21039420008861,3.4691334048291376,2,C,2
4.082828064424288,83.54512005322707,3.6199679528173805,0,B,3
4.912626346779803,84.21989058525415,3.3975475348645237,2,B,3
7.689597097400081,89.39904743770914,2.58239020466842,2,D,1
3.8650446170966566,95.75279095835472,2.9538226369074994,0,A,4
6.114121144060076,87.82604178717119,3.237685216926792,3,C,2
6.800909905560576,90.78161906286043,3.1260602508263675,0,F,0
5.12688395073264,73.65773009881364,2.6274135975974193,1,C,2
8.908235601582344,80.40798335615581,2.8567182838342724,2,F,0
8.330906439664512,65.87877987106151,3.17593330998691,4,C,2
5.526194166000415,89.41949331569899,2.2453927072516624,2,A,4
3.392366283087525,93.41497906218942,3.0096650973038845,4,D,1
3.4868827759226204,71.81016300034504,3.3483223623169267,1,B,3
5.425282381695289,86.58447871169169,3.1414690177304347,1,B,3
2.819938901906421,83.97722132739516,2.571260645286093,1,B,3
5.537883925498542,101.88439873507389,2.6592438810192722,0,B,3
8.376191087227127,76.05629879457314,3.7434976163330567,2,B,3
5.124973537563025,94.18157415488074,2.5311765982966734,4,B,3
4.962104455879423,96.4307239371167,3.5928339198626995,1,C,2
6.70638613235374,83.05048710082133,2.689342357408637,1,D,1
6.0496711189533166,87.92496931295338,3.5650870530196164,4,B,3
2.7033784249691126,95.77456959745724,3.270551985645009,2,B,3
4.089531650504777,74.00496932658109,2.825978516807717,2,C,2
8.787908647037057,80.7284964581778,2.1167348828288977,4,C,2
5.650890376552933,86.86238710778044,3.1992838504948953,3,F,0
2.987133385656459,105.64025156840204,3.090781568317645,2,A,4
4.61630843237589,81.00229153945202,3.2069563894492927,4,D,1
1.4348254668940208,82.3134547907344,3.2697007450861064,4,C,2
1.2849559310215084,100.47088420720601,2.342936468962852,1,C,2
6.964542470743233,91.62979038095021,3.196635903455768,4,A,4
4.9910566611411875,106.82544867643047,3.3712703373001918,0,B,3
6.037753767727713,95.93245353690064,3.3653713439169337,1,B,3
7.315769823168347,83.5399354309917,2.3734716880787703,1,B,3
5.678947715503942,82.11743730006187,3.5771493735216273,2,C,2
6.466204123554867,76.75405600695316,3.2143497445067264,3,D,1
5.514618208273464,71.94975414369297,3.277773986377137,2,C,2
7.5727961716609276,88.4081562497272,2.552149969942474,0,C,2
8.546894678803737,91.26944163603179,3.378546092180248,1,C,2
5.3991413790361795,92.47401194915905,2.1380429760849804,1,B,3
5.315271930545971,83.76522717128395,2.575901564297735,4,F,0
5.640320023459961,104.30114702156929,3.633292141266356,3,C,2
4.788949343869342,71.41554981370273,3.354297218988508,3,B,3
4.199439041980622,70.28330656125031,3.1457540442480476,4,B,3
7.096672188561477,76.80378405457675,3.4718569386129623,0,C,2
4.202140610000647,85.05954019878182,3.5065963369735735,3,C,2
4.086790444878463,74.02883893011855,3.378957589073792,1,A,4
6.796740508381242,98.46938862105637,2.891286027111899,0,D,1
6.950219181034749,77.61034606777285,2.5609767297671544,2,C,2
9.666943071793847,75.82460188760267,2.6682935378693813,2,C,2
7.439327701884839,95.55078926269647,3.7052938605140766,0,A,4
6.6540552016616115,87.0743580478054,2.3622506914700225,1,B,3
6.942688457472778,92.84701249286765,3.2454117020729774,2,F,0
4.704232787952699,84.5240823988302,3.2461795624879954,1,D,1
6.124430073796786,87.71753264760025,3.7340285665814785,4,B,3
6.2192838650008735,70.66450547729612,3.24477957059356,3,A,4
3.9158559469207934,83.52159738870841,2.7883881336165883,0,B,3
4.902111194113495,74.51943830864259,2.7962622063110496,3,B,3
6.904784812730942,104.54391479913836,2.9971096912655297,4,C,2
4.96298144097153,97.92821404408213,3.5663346266650215,2,F,0
6.223143100599515,78.4607630947377,3.40325992937465,1,B,3
6.793594965210601,82.92444410840804,2.45714434955487,1,A,4
6.700286798316414,83.39580889983644,3.1393314126524268,4,D,1
8.461300603363963,106.5395656604111,3.4126317169878453,0,A,4
3.837436995747189,88.96398301856537,2.881412307205416,3,F,0
8.285037212972869,80.7213239938018,1.9200127866092054,2,C,2
5.948552572205583,86.46685176548947,2.9017634415280527,0,F,0
6.668096096950198,69.63009062705473,2.257425149868462,4,A,4
6.393903439643931,84.26326690053351,2.1782725280016844,4,A,4
6.292707370320397,74.19105915674594,3.532582949514972,1,B,3
3.7252579640576697,66.52333975969768,4.2605153130143165,2,B,3
6.594571318320837,104.8657412507153,3.682142726873564,0,B,3
